ID,Roots,Glosses,Occurrences,Comments,LN Base,LN Sense,LN Gloss,LN Definition,LN Note,LN Tag,Categories,Examples,Exhaustive Examples,Level,Expansion Rule,Expansion Rule Status,ParentID,Brief Gloss,Linguists Assistant
7732,-Alternate,,0,,,0,DELETE marks an alternative analysis; this particle is inserted into a proposition whenever one or more Alternative Analyses are included. ,,,,,,,4,,0,7,,1
7733,-Alternate-Dynamic,,0,,,0,DELETE marks a Dynamic Alternate when an Audience includes both Literal and Dynamic Alternates,,,,,,,4,,0,,,0
7734,-Alternate-Literal,,0,,,0,DELETE marks a Literal Alternate when an Audience includes both Literal and Dynamic Alternates,,,,,,,4,,0,,,0
7735,-CommentBegin,,116,,,0,marks the beginning of a parenthetical comment,,,,,,4|1|2|12|4|1|9|18|4|1|10|5|4|1|10|14|4|1|13|10|4|1|14|2|4|1|14|3|4|1|14|7|4|1|14|17|4|1|22|21|4|1|23|2|4|1|23|19|4|1|25|30|4|1|26|1|4|1|35|6|4|1|35|19|4|1|35|27|4|1|36|1|4|1|36|8|4|1|36|19|4|1|46|12|4|1|48|7|4|2|4|26|4|2|9|31|4|2|11|3|4|2|16|36|4|6|2|6|4|6|9|1|4|6|11|10|4|6|12|3|4|6|12|9|4|6|13|12|4|6|13|27|4|6|13|31|4|6|14|15|4|6|15|8|4|6|15|9|4|6|15|10|4|6|15|13|4|6|15|15|4|6|15|25|4|6|15|36|4|6|15|49|4|6|15|54|4|6|15|60|4|6|16|2|4|6|17|8|4|6|17|11|4|6|18|13|4|6|18|14|4|6|18|28|4|6|19|2|4|6|19|8|4|6|19|47|4|6|20|7|4|6|20|8|4|6|21|10|4|6|21|11|4|6|21|13|4|6|21|21|4|6|21|27|4|6|21|32|4|6|21|38|4|6|22|7|4|7|3|2|4|7|7|1|4|7|13|16|4|7|14|4|4|7|19|16|4|7|20|3|4|7|20|27|4|8|4|7|4|9|9|9|4|9|14|18|4|9|20|39|4|9|23|6|4|9|27|8|4|10|1|18|4|10|9|10|4|10|11|4|4|10|21|2|4|10|21|12|4|16|7|11|4|16|7|21|4|16|7|39|4|16|7|43|4|16|7|63|4|17|2|15|4|17|9|26|4|27|2|26|4|27|4|8|4|27|4|19|4|27|7|12|4|27|9|1|4|27|10|1|4|27|10|21|4|40|1|23|4|41|3|16|4|41|3|17|4|41|5|41|4|41|5|42|4|41|6|31|4|41|7|3|4|41|7|11|4|41|7|19|4|41|7|34|4|41|9|6|4|41|10|46|4|41|11|32|4|41|13|14|4|41|15|16|4|41|15|22|4|41|15|34|4|41|15|42|4|44|1|18|,4,,0,5,,1
7736,-CommentEnd,,116,,,0,marks the end of a parenthetical comment,,,,,,4|1|2|12|4|1|9|18|4|1|10|5|4|1|10|14|4|1|13|10|4|1|14|2|4|1|14|3|4|1|14|7|4|1|14|17|4|1|22|21|4|1|23|2|4|1|23|19|4|1|25|30|4|1|26|1|4|1|35|6|4|1|35|19|4|1|35|27|4|1|36|1|4|1|36|8|4|1|36|19|4|1|46|12|4|1|48|7|4|2|4|26|4|2|9|32|4|2|11|3|4|2|16|36|4|6|2|6|4|6|9|1|4|6|11|10|4|6|12|3|4|6|12|9|4|6|13|12|4|6|13|27|4|6|13|31|4|6|14|15|4|6|15|8|4|6|15|9|4|6|15|10|4|6|15|13|4|6|15|15|4|6|15|25|4|6|15|36|4|6|15|49|4|6|15|54|4|6|15|60|4|6|16|2|4|6|17|8|4|6|17|11|4|6|18|13|4|6|18|14|4|6|18|28|4|6|19|2|4|6|19|8|4|6|19|47|4|6|20|7|4|6|20|8|4|6|21|10|4|6|21|11|4|6|21|13|4|6|21|21|4|6|21|27|4|6|21|32|4|6|21|38|4|6|22|7|4|7|3|2|4|7|7|1|4|7|13|16|4|7|14|4|4|7|19|16|4|7|20|3|4|7|20|28|4|8|4|7|4|9|9|9|4|9|14|18|4|9|20|39|4|9|23|6|4|9|27|8|4|10|1|18|4|10|9|10|4|10|11|4|4|10|21|2|4|10|21|12|4|16|7|11|4|16|7|21|4|16|7|39|4|16|7|43|4|16|7|63|4|17|2|15|4|17|9|26|4|27|2|26|4|27|4|8|4|27|4|19|4|27|7|12|4|27|9|1|4|27|10|1|4|27|11|1|4|40|1|23|4|41|3|16|4|41|3|17|4|41|5|41|4|41|5|42|4|41|6|31|4|41|7|4|4|41|7|11|4|41|7|19|4|41|7|34|4|41|9|6|4|41|10|46|4|41|11|32|4|41|13|14|4|41|15|16|4|41|15|22|4|41|15|34|4|41|15|42|4|44|1|19|,4,,0,5,,1
7737,-ListMarker,,,,,0,"marks the beginning of a list (The following men were the leaders of the priests: Meraiah, Hananiah, Meshullam, ...)",,,,,,,4,,0,,,0
7738,-QuoteBegin,,3085,,,0,Marks the beginning of a direct quote,,,,,,6|8|1|104|6|9|1|3|6|9|1|6|6|9|1|7|6|9|1|9|4|1|1|3|4|1|1|6|4|1|1|9|4|1|1|11|4|1|1|14|4|1|1|20|4|1|1|22|4|1|1|24|4|1|1|26|4|1|1|28|4|1|1|29|4|1|2|16|4|1|2|18|4|1|2|23|4|1|3|1|4|1|3|2|4|1|3|4|4|1|3|9|4|1|3|10|4|1|3|11|4|1|3|12|4|1|3|13|4|1|3|14|4|1|3|16|4|1|3|17|4|1|3|22|4|1|4|1|4|1|4|6|4|1|4|8|4|1|4|9|4|1|4|10|4|1|4|13|4|1|4|15|4|1|4|23|4|1|4|25|4|1|5|29|4|1|6|3|4|1|6|7|4|1|6|13|4|1|7|1|4|1|8|16|4|1|8|21|4|1|9|1|4|1|9|9|4|1|9|12|4|1|9|17|4|1|9|25|4|1|9|26|4|1|10|9|4|1|11|3|4|1|11|4|4|1|11|6|4|1|12|1|4|1|12|7|4|1|12|11|4|1|12|12|4|1|12|18|4|1|13|8|4|1|13|14|4|1|14|19|4|1|14|21|4|1|14|22|4|1|14|23|4|1|15|1|4|1|15|2|4|1|15|3|4|1|15|4|4|1|15|5|4|1|15|7|4|1|15|8|4|1|15|9|4|1|15|13|4|1|15|18|4|1|16|2|4|1|16|5|4|1|16|6|4|1|16|8|4|1|16|9|4|1|16|10|4|1|16|11|4|1|16|13|4|1|17|1|4|1|17|4|4|1|17|9|4|1|17|15|4|1|17|17|4|1|17|18|4|1|17|19|4|1|18|3|4|1|18|5|4|1|18|6|4|1|18|9|4|1|18|10|4|1|18|12|4|1|18|13|4|1|18|15|4|1|18|17|4|1|18|20|4|1|18|23|4|1|18|26|4|1|18|27|4|1|18|28|4|1|18|29|4|1|18|30|4|1|18|31|4|1|18|32|4|1|19|2|4|1|19|5|4|1|19|7|4|1|19|9|4|1|19|12|4|1|19|14|4|1|19|15|4|1|19|17|4|1|19|18|4|1|19|21|4|1|19|31|4|1|19|34|4|1|20|3|4|1|20|4|4|1|20|5|4|1|20|6|4|1|20|9|4|1|20|10|4|1|20|11|4|1|20|13|4|1|20|15|4|1|20|16|4|1|21|6|4|1|21|10|4|1|21|12|4|1|21|16|4|1|21|17|4|1|21|22|4|1|21|24|4|1|21|26|4|1|21|29|4|1|21|30|4|1|22|1|4|1|22|2|4|1|22|5|4|1|22|7|4|1|22|8|4|1|22|11|4|1|22|12|4|1|22|14|4|1|22|16|4|1|22|20|4|1|23|4|4|1|23|6|4|1|23|8|4|1|23|11|4|1|23|13|4|1|23|15|4|1|24|2|4|1|24|5|4|1|24|6|4|1|24|7|4|1|24|12|4|1|24|14|4|1|24|17|4|1|24|18|4|1|24|19|4|1|24|23|4|1|24|24|4|1|24|25|4|1|24|27|4|1|24|31|4|1|24|33|4|1|24|34|4|1|24|37|4|1|24|39|4|1|24|40|4|1|24|42|4|1|24|43|4|1|24|44|4|1|24|45|4|1|24|46|4|1|24|47|4|1|24|50|4|1|24|54|4|1|24|55|4|1|24|56|4|1|24|57|4|1|24|58|4|1|24|60|4|1|24|65|4|1|25|22|4|1|25|23|4|1|25|30|4|1|25|31|4|1|25|32|4|1|25|33|4|1|26|2|4|1|26|7|4|1|26|9|4|1|26|10|4|1|26|11|4|1|26|16|4|1|26|20|4|1|26|22|4|1|26|24|4|1|26|27|4|1|26|28|4|1|26|32|4|1|27|1|4|1|27|2|4|1|27|6|4|1|27|7|4|1|27|8|4|1|27|11|4|1|27|13|4|1|27|18|4|1|27|19|4|1|27|20|4|1|27|21|4|1|27|22|4|1|27|24|4|1|27|25|4|1|27|26|4|1|27|27|4|1|27|31|4|1|27|32|4|1|27|33|4|1|27|34|4|1|27|35|4|1|27|36|4|1|27|37|4|1|27|38|4|1|27|39|4|1|27|41|4|1|27|42|4|1|27|46|4|1|28|1|4|1|28|6|4|1|28|13|4|1|28|16|4|1|28|17|4|1|28|20|4|1|29|4|4|1|29|5|4|1|29|6|4|1|29|7|4|1|29|8|4|1|29|14|4|1|29|15|4|1|29|18|4|1|29|19|4|1|29|21|4|1|29|25|4|1|29|26|4|1|29|32|4|1|29|33|4|1|29|34|4|1|29|35|4|1|30|1|4|1|30|2|4|1|30|3|4|1|30|6|4|1|30|8|4|1|30|11|4|1|30|13|4|1|30|14|4|1|30|15|4|1|30|16|4|1|30|18|4|1|30|20|4|1|30|23|4|1|30|24|4|1|30|25|4|1|30|27|4|1|30|28|4|1|30|29|4|1|30|31|4|1|30|34|4|1|31|1|4|1|31|3|4|1|31|5|4|1|31|8|4|1|31|11|4|1|31|12|4|1|31|14|4|1|31|24|4|1|31|26|4|1|31|29|4|1|31|31|4|1|31|35|4|1|31|36|4|1|31|43|4|1|31|46|4|1|31|48|4|1|31|49|4|1|31|51|4|1|32|2|4|1|32|4|4|1|32|6|4|1|32|8|4|1|32|9|4|1|32|12|4|1|32|16|4|1|32|17|4|1|32|18|4|1|32|19|4|1|32|20|4|1|32|26|4|1|32|27|4|1|32|28|4|1|32|29|4|1|32|30|4|1|33|5|4|1|33|8|4|1|33|9|4|1|33|10|4|1|33|12|4|1|33|13|4|1|33|15|4|1|34|4|4|1|34|8|4|1|34|11|4|1|34|14|4|1|34|21|4|1|34|30|4|1|34|31|4|1|35|1|4|1|35|2|4|1|35|10|4|1|35|11|4|1|35|17|4|1|37|6|4|1|37|8|4|1|37|9|4|1|37|10|4|1|37|13|4|1|37|14|4|1|37|15|4|1|37|16|4|1|37|17|4|1|37|19|4|1|37|21|4|1|37|26|4|1|37|30|4|1|37|32|4|1|37|33|4|1|37|35|4|1|38|8|4|1|38|11|4|1|38|13|4|1|38|16|4|1|38|17|4|1|38|18|4|1|38|21|4|1|38|22|4|1|38|23|4|1|38|24|4|1|38|25|4|1|38|26|4|1|38|28|4|1|38|29|4|1|39|7|4|1|39|8|4|1|39|12|4|1|39|14|4|1|39|17|4|1|39|19|4|1|40|7|4|1|40|8|4|1|40|9|4|1|40|12|4|1|40|16|4|1|40|18|4|1|41|9|4|1|41|15|4|1|41|16|4|1|41|17|4|1|41|25|4|1|41|38|4|1|41|39|4|1|41|41|4|1|41|43|4|1|41|44|4|1|41|51|4|1|41|52|4|1|41|55|4|1|42|1|4|1|42|2|4|1|42|7|4|1|42|9|4|1|42|10|4|1|42|12|4|1|42|13|4|1|42|14|4|1|42|18|4|1|42|21|4|1|42|22|4|1|42|28|4|1|42|30|4|1|42|31|4|1|42|33|4|1|42|36|4|1|42|37|4|1|42|38|4|1|43|2|4|1|43|3|4|1|43|5|4|1|43|6|4|1|43|7|4|1|43|8|4|1|43|11|4|1|43|16|4|1|43|18|4|1|43|20|4|1|43|23|4|1|43|27|4|1|43|28|4|1|43|29|4|1|43|31|4|1|44|1|4|1|44|4|4|1|44|7|4|1|44|10|4|1|44|15|4|1|44|16|4|1|44|17|4|1|44|18|4|1|44|19|4|1|44|20|4|1|44|21|4|1|44|22|4|1|44|23|4|1|44|25|4|1|44|26|4|1|44|27|4|1|44|28|4|1|44|32|4|1|45|1|4|1|45|3|4|1|45|4|4|1|45|9|4|1|45|17|4|1|45|19|4|1|45|24|4|1|45|26|4|1|45|28|4|1|46|2|4|1|46|3|4|1|46|30|4|1|46|31|4|1|46|33|4|1|46|34|4|1|47|1|4|1|47|3|4|1|47|4|4|1|47|5|4|1|47|8|4|1|47|9|4|1|47|15|4|1|47|16|4|1|47|18|4|1|47|23|4|1|47|25|4|1|47|29|4|1|47|30|4|1|47|31|4|1|48|1|4|1|48|2|4|1|48|3|4|1|48|4|4|1|48|8|4|1|48|9|4|1|48|11|4|1|48|15|4|1|48|18|4|1|48|19|4|1|48|20|4|1|48|21|4|1|49|1|4|1|49|29|4|1|50|4|4|1|50|5|4|1|50|6|4|1|50|11|4|1|50|15|4|1|50|16|4|1|50|17|4|1|50|18|4|1|50|19|4|1|50|24|4|1|50|25|4|2|1|9|4|2|1|16|4|2|1|18|4|2|1|19|4|2|1|22|4|2|2|6|4|2|2|7|4|2|2|8|4|2|2|9|4|2|2|13|4|2|2|14|4|2|2|18|4|2|2|19|4|2|2|20|4|2|3|3|4|2|3|4|4|2|3|5|4|2|3|7|4|2|3|11|4|2|3|12|4|2|3|13|4|2|3|14|4|2|3|15|4|2|3|16|4|2|3|18|4|2|3|22|4|2|4|1|4|2|4|2|4|2|4|3|4|2|4|4|4|2|4|5|4|2|4|6|4|2|4|7|4|2|4|8|4|2|4|10|4|2|4|11|4|2|4|13|4|2|4|14|4|2|4|18|4|2|4|19|4|2|4|21|4|2|4|22|4|2|4|23|4|2|4|25|4|2|4|26|4|2|4|27|4|2|5|1|4|2|5|2|4|2|5|3|4|2|5|4|4|2|5|5|4|2|5|7|4|2|5|8|4|2|5|10|4|2|5|13|4|2|5|14|4|2|5|15|4|2|5|17|4|2|5|19|4|2|5|21|4|2|5|22|4|2|6|1|4|2|6|2|4|2|6|6|4|2|6|11|4|2|6|12|4|2|6|26|4|2|6|29|4|2|6|30|4|2|7|1|4|2|7|9|4|2|7|14|4|2|7|16|4|2|7|17|4|2|7|19|4|2|8|1|4|2|8|5|4|2|8|8|4|2|8|9|4|2|8|10|4|2|8|16|4|2|8|19|4|2|8|20|4|2|8|25|4|2|8|26|4|2|8|28|4|2|8|29|4|2|9|1|4|2|9|5|4|2|9|8|4|2|9|13|4|2|9|22|4|2|9|27|4|2|9|29|4|2|10|1|4|2|10|3|4|2|10|7|4|2|10|8|4|2|10|9|4|2|10|10|4|2|10|12|4|2|10|16|4|2|10|21|4|2|10|24|4|2|10|25|4|2|10|28|4|2|10|29|4|2|11|1|4|2|11|4|4|2|11|8|4|2|11|9|4|2|12|2|4|2|12|21|4|2|12|26|4|2|12|27|4|2|12|31|4|2|12|33|4|2|12|43|4|2|13|2|4|2|13|3|4|2|13|8|4|2|13|14|4|2|13|17|4|2|13|19|4|2|14|2|4|2|14|3|4|2|14|5|4|2|14|11|4|2|14|12|4|2|14|13|4|2|14|15|4|2|14|25|4|2|14|26|4|2|15|1|4|2|15|9|4|2|15|21|4|2|15|24|4|2|15|26|4|2|16|3|4|2|16|4|4|2|16|6|4|2|16|8|4|2|16|9|4|2|16|12|4|2|16|15|4|2|16|16|4|2|16|19|4|2|16|23|4|2|16|25|4|2|16|28|4|2|16|32|4|2|16|33|4|2|17|2|4|2|17|3|4|2|17|4|4|2|17|5|4|2|17|7|4|2|17|9|4|2|17|14|4|2|17|16|4|2|18|3|4|2|18|4|4|2|18|6|4|2|18|10|4|2|18|14|4|2|18|15|4|2|18|17|4|2|19|3|4|2|19|4|4|2|19|8|4|2|19|9|4|2|19|10|4|2|19|12|4|2|19|15|4|2|19|21|4|2|19|23|4|2|19|24|4|2|20|2|4|2|20|19|4|2|20|20|4|2|20|22|4|2|21|1|4|2|21|5|4|2|21|12|4|2|22|1|4|2|22|9|4|2|22|16|4|2|23|1|4|2|23|10|4|2|23|14|4|2|23|20|4|2|24|1|4|2|24|3|4|2|24|7|4|2|24|8|4|2|24|12|4|2|24|14|4|2|25|2|4|2|25|10|4|2|25|23|4|6|1|2|4|6|1|11|4|6|1|13|4|6|1|16|4|6|2|1|4|6|2|2|4|6|2|3|4|6|2|4|4|6|2|9|4|6|2|14|4|6|2|16|4|6|2|17|4|6|2|21|4|6|2|24|4|6|3|3|4|6|3|5|4|6|3|6|4|6|3|7|4|6|3|9|4|6|4|2|4|6|4|5|4|6|4|6|4|6|4|16|4|6|4|17|4|6|4|21|4|6|5|2|4|6|5|9|4|6|5|13|4|6|5|14|4|6|5|15|4|6|6|2|4|6|6|6|4|6|6|7|4|6|6|10|4|6|6|16|4|6|6|22|4|6|6|26|4|6|7|2|4|6|7|3|4|6|7|7|4|6|7|10|4|6|7|13|4|6|7|19|4|6|7|20|4|6|7|25|4|6|8|1|4|6|8|4|4|6|8|18|4|6|9|6|4|6|9|7|4|6|9|8|4|6|9|9|4|6|9|19|4|6|9|21|4|6|9|22|4|6|9|24|4|6|10|4|4|6|10|6|4|6|10|8|4|6|10|12|4|6|10|18|4|6|10|22|4|6|10|24|4|6|10|25|4|6|11|6|4|6|13|1|4|6|14|6|4|6|15|16|4|6|15|18|4|6|15|19|4|6|17|4|4|6|17|14|4|6|17|15|4|6|17|16|4|6|17|17|4|6|18|3|4|6|18|8|4|6|20|2|4|6|21|2|4|6|22|2|4|6|22|8|4|6|22|16|4|6|22|22|4|6|22|31|4|6|22|34|4|6|23|2|4|6|24|2|4|6|24|16|4|6|24|19|4|6|24|21|4|6|24|22|4|6|24|23|4|6|24|24|4|6|24|27|4|7|1|1|4|7|1|2|4|7|1|3|4|7|1|7|4|7|1|12|4|7|1|14|4|7|1|15|4|7|1|24|4|7|2|1|4|7|2|20|4|7|3|19|4|7|3|20|4|7|3|28|4|7|4|6|4|7|4|8|4|7|4|9|4|7|4|14|4|7|4|18|4|7|4|19|4|7|4|20|4|7|4|22|4|7|5|2|4|7|5|4|4|7|5|23|4|7|5|28|4|7|5|30|4|7|6|8|4|7|6|10|4|7|6|12|4|7|6|13|4|7|6|14|4|7|6|15|4|7|6|16|4|7|6|17|4|7|6|18|4|7|6|20|4|7|6|22|4|7|6|23|4|7|6|25|4|7|6|29|4|7|6|30|4|7|6|31|4|7|6|32|4|7|6|36|4|7|6|39|4|7|7|2|4|7|7|3|4|7|7|4|4|7|7|5|4|7|7|7|4|7|7|9|4|7|7|13|4|7|7|14|4|7|7|15|4|7|7|17|4|7|7|18|4|7|7|20|4|7|7|24|4|7|8|1|4|7|8|2|4|7|8|5|4|7|8|6|4|7|8|7|4|7|8|9|4|7|8|15|4|7|8|18|4|7|8|19|4|7|8|20|4|7|8|21|4|7|8|22|4|7|8|23|4|7|8|25|4|7|9|2|4|7|9|3|4|7|9|7|4|7|9|8|4|7|9|9|4|7|9|10|4|7|9|11|4|7|9|12|4|7|9|13|4|7|9|14|4|7|9|15|4|7|9|16|4|7|9|28|4|7|9|29|4|7|9|31|4|7|9|36|4|7|9|37|4|7|9|38|4|7|9|54|4|7|10|10|4|7|10|11|4|7|10|15|4|7|10|18|4|7|11|2|4|7|11|6|4|7|11|7|4|7|11|8|4|7|11|9|4|7|11|10|4|7|11|12|4|7|11|13|4|7|11|15|4|7|11|17|4|7|11|19|4|7|11|30|4|7|11|35|4|7|11|36|4|7|11|37|4|7|11|38|4|7|12|1|4|7|12|2|4|7|12|4|4|7|12|5|4|7|12|6|4|7|13|3|4|7|13|6|4|7|13|7|4|7|13|8|4|7|13|10|4|7|13|11|4|7|13|12|4|7|13|13|4|7|13|15|4|7|13|16|4|7|13|17|4|7|13|18|4|7|13|22|4|7|13|23|4|7|14|2|4|7|14|3|4|7|14|12|4|7|14|13|4|7|14|14|4|7|14|15|4|7|14|16|4|7|14|18|4|7|15|1|4|7|15|2|4|7|15|3|4|7|15|6|4|7|15|7|4|7|15|10|4|7|15|11|4|7|15|12|4|7|15|13|4|7|15|16|4|7|15|18|4|7|16|2|4|7|16|5|4|7|16|6|4|7|16|7|4|7|16|9|4|7|16|10|4|7|16|11|4|7|16|12|4|7|16|13|4|7|16|14|4|7|16|15|4|7|16|17|4|7|16|18|4|7|16|20|4|7|16|23|4|7|16|24|4|7|16|25|4|7|16|26|4|7|16|28|4|7|16|30|4|7|17|2|4|7|17|3|4|7|17|9|4|7|17|10|4|7|17|13|4|7|18|2|4|7|18|3|4|7|18|4|4|7|18|5|4|7|18|6|4|7|18|8|4|7|18|9|4|7|18|14|4|7|18|18|4|7|18|19|4|7|18|23|4|7|18|24|4|7|18|25|4|7|19|5|4|7|19|6|4|7|19|8|4|7|19|9|4|7|19|11|4|7|19|12|4|7|19|13|4|7|19|17|4|7|19|18|4|7|19|20|4|7|19|22|4|7|19|23|4|7|19|28|4|7|19|30|4|7|20|3|4|7|20|4|4|7|20|8|4|7|20|12|4|7|20|18|4|7|20|23|4|7|20|28|4|7|20|32|4|7|20|39|4|7|21|1|4|7|21|3|4|7|21|5|4|7|21|6|4|7|21|8|4|7|21|11|4|7|21|16|4|7|21|20|4|7|21|22|4|8|1|8|4|8|1|10|4|8|1|11|4|8|1|15|4|8|1|16|4|8|1|19|4|8|1|20|4|8|1|21|4|8|2|2|4|8|2|4|4|8|2|5|4|8|2|6|4|8|2|8|4|8|2|10|4|8|2|11|4|8|2|13|4|8|2|14|4|8|2|15|4|8|2|19|4|8|2|20|4|8|2|21|4|8|2|22|4|8|3|1|4|8|3|5|4|8|3|9|4|8|3|10|4|8|3|14|4|8|3|15|4|8|3|16|4|8|3|17|4|8|3|18|4|8|4|1|4|8|4|2|4|8|4|3|4|8|4|4|4|8|4|5|4|8|4|6|4|8|4|8|4|8|4|9|4|8|4|11|4|8|4|14|4|8|4|17|4|9|1|8|4|9|1|11|4|9|1|14|4|9|1|15|4|9|1|17|4|9|1|18|4|9|1|20|4|9|1|22|4|9|1|23|4|9|1|26|4|9|2|1|4|9|2|15|4|9|2|16|4|9|2|20|4|9|2|23|4|9|2|27|4|9|2|30|4|9|2|36|4|9|3|4|4|9|3|5|4|9|3|6|4|9|3|8|4|9|3|9|4|9|3|10|4|9|3|11|4|9|3|14|4|9|3|16|4|9|3|17|4|9|3|18|4|9|4|3|4|9|4|6|4|9|4|7|4|9|4|14|4|9|4|16|4|9|4|17|4|9|4|20|4|9|4|21|4|9|4|22|4|9|5|7|4|9|5|8|4|9|5|10|4|9|5|11|4|9|6|2|4|9|6|3|4|9|6|4|4|9|6|20|4|9|6|21|4|9|7|3|4|9|7|5|4|9|7|6|4|9|7|8|4|9|7|12|4|9|8|5|4|9|8|7|4|9|8|11|4|9|8|19|4|9|8|22|4|9|9|3|4|9|9|5|4|9|9|6|4|9|9|7|4|9|9|8|4|9|9|9|4|9|9|10|4|9|9|11|4|9|9|12|4|9|9|16|4|9|9|17|4|9|9|18|4|9|9|19|4|9|9|21|4|9|9|23|4|9|9|24|4|9|9|26|4|9|9|27|4|9|10|1|4|9|10|2|4|9|10|11|4|9|10|12|4|9|10|14|4|9|10|15|4|9|10|16|4|9|10|18|4|9|10|19|4|9|10|22|4|9|10|24|4|9|10|27|4|9|11|1|4|9|11|2|4|9|11|3|4|9|11|5|4|9|11|7|4|9|11|9|4|9|11|10|4|9|11|12|4|9|11|13|4|9|11|14|4|9|12|1|4|9|12|4|4|9|12|5|4|9|12|6|4|9|12|10|4|9|12|12|4|9|12|19|4|9|12|20|4|9|13|3|4|9|13|4|4|9|13|9|4|9|13|11|4|9|13|12|4|9|13|13|4|9|13|19|4|9|14|1|4|9|14|6|4|9|14|7|4|9|14|8|4|9|14|9|4|9|14|10|4|9|14|11|4|9|14|12|4|9|14|17|4|9|14|18|4|9|14|19|4|9|14|24|4|9|14|28|4|9|14|29|4|9|14|33|4|9|14|34|4|9|14|36|4|9|14|37|4|9|14|38|4|9|14|40|4|9|14|41|4|9|14|42|4|9|14|43|4|9|14|44|4|9|14|45|4|9|15|1|4|9|15|2|4|9|15|6|4|9|15|11|4|9|15|12|4|9|15|13|4|9|15|14|4|9|15|15|4|9|15|16|4|9|15|17|4|9|15|18|4|9|15|20|4|9|15|22|4|9|15|24|4|9|15|26|4|9|15|28|4|9|15|30|4|9|15|32|4|9|15|33|4|9|16|1|4|9|16|2|4|9|16|4|4|9|16|5|4|9|16|6|4|9|16|7|4|9|16|8|4|9|16|9|4|9|16|10|4|9|16|11|4|9|16|12|4|9|16|15|4|9|16|17|4|9|16|18|4|9|16|19|4|9|16|22|4|9|17|8|4|9|17|10|4|9|17|17|4|9|17|25|4|9|17|26|4|9|17|28|4|9|17|29|4|9|17|32|4|9|17|33|4|9|17|34|4|9|17|37|4|9|17|39|4|9|17|43|4|9|17|44|4|9|17|45|4|9|17|55|4|9|17|56|4|9|17|58|4|9|18|7|4|9|18|8|4|9|18|11|4|9|18|17|4|9|18|18|4|9|18|21|4|9|18|22|4|9|18|23|4|9|18|25|4|9|19|2|4|9|19|4|4|9|19|6|4|9|19|11|4|9|19|14|4|9|19|15|4|9|19|17|4|9|19|19|4|9|19|22|4|9|19|24|4|9|20|1|4|9|20|2|4|9|20|3|4|9|20|4|4|9|20|5|4|9|20|6|4|9|20|9|4|9|20|10|4|9|20|11|4|9|20|12|4|9|20|16|4|9|20|18|4|9|20|21|4|9|20|22|4|9|20|26|4|9|20|27|4|9|20|28|4|9|20|29|4|9|20|30|4|9|20|32|4|9|20|36|4|9|20|37|4|9|20|38|4|9|20|40|4|9|20|42|4|9|21|1|4|9|21|2|4|9|21|4|4|9|21|5|4|9|21|8|4|9|21|9|4|9|21|11|4|9|21|14|4|9|22|3|4|9|22|5|4|9|22|7|4|9|22|9|4|9|22|12|4|9|22|13|4|9|22|14|4|9|22|16|4|9|22|17|4|9|22|18|4|9|22|22|4|9|23|1|4|9|23|2|4|9|23|3|4|9|23|4|4|9|23|7|4|9|23|9|4|9|23|10|4|9|23|11|4|9|23|12|4|9|23|17|4|9|23|19|4|9|23|21|4|9|23|27|4|9|23|28|4|9|24|1|4|9|24|4|4|9|24|6|4|9|24|8|4|9|24|9|4|9|24|10|4|9|24|13|4|9|24|16|4|9|24|17|4|9|25|5|4|9|25|6|4|9|25|10|4|9|25|13|4|9|25|14|4|9|25|19|4|9|25|21|4|9|25|24|4|9|25|32|4|9|25|35|4|9|25|39|4|9|25|40|4|9|25|41|4|9|26|1|4|9|26|6|4|9|26|8|4|9|26|9|4|9|26|14|4|9|26|15|4|9|26|17|4|9|26|18|4|9|26|19|4|9|26|21|4|9|26|22|4|9|26|25|4|9|27|1|4|9|27|5|4|9|27|10|4|9|27|11|4|9|27|12|4|9|28|1|4|9|28|2|4|9|28|7|4|9|28|8|4|9|28|9|4|9|28|10|4|9|28|11|4|9|28|12|4|9|28|13|4|9|28|14|4|9|28|15|4|9|28|16|4|9|28|21|4|9|28|23|4|9|29|3|4|9|29|4|4|9|29|6|4|9|29|8|4|9|29|9|4|9|30|7|4|9|30|8|4|9|30|13|4|9|30|15|4|9|30|20|4|9|30|22|4|9|30|23|4|9|30|26|4|9|31|4|4|10|1|3|4|10|1|4|4|10|1|5|4|10|1|6|4|10|1|7|4|10|1|8|4|10|1|9|4|10|1|13|4|10|1|14|4|10|1|15|4|10|1|16|4|10|1|19|4|10|2|1|4|10|2|5|4|10|2|14|4|10|2|20|4|10|2|21|4|10|2|22|4|10|2|26|4|10|2|27|4|10|3|7|4|10|3|8|4|10|3|12|4|10|3|13|4|10|3|14|4|10|3|16|4|10|3|17|4|10|3|18|4|10|3|21|4|10|3|23|4|10|3|24|4|10|3|28|4|10|3|31|4|10|3|33|4|10|3|35|4|10|3|38|4|10|4|8|4|10|4|9|4|10|4|10|4|10|5|1|4|10|5|2|4|10|5|6|4|10|5|8|4|10|5|19|4|10|5|20|4|10|5|23|4|10|6|9|4|10|6|12|4|10|6|20|4|10|6|21|4|10|7|2|4|10|7|3|4|10|7|5|4|10|7|8|4|10|7|18|4|10|7|26|4|10|7|27|4|10|9|1|4|10|9|2|4|10|9|3|4|10|9|4|4|10|9|6|4|10|9|7|4|10|9|8|4|10|9|9|4|10|9|11|4|10|10|2|4|10|10|3|4|10|10|5|4|10|10|11|4|10|11|3|4|10|11|6|4|10|11|8|4|10|11|10|4|10|11|11|4|10|11|12|4|10|11|15|4|10|11|19|4|10|11|20|4|10|11|21|4|10|11|23|4|10|11|25|4|10|12|1|4|10|12|5|4|10|12|7|4|10|12|11|4|10|12|13|4|10|12|18|4|10|12|19|4|10|12|21|4|10|12|22|4|10|12|25|4|10|12|27|4|10|13|4|4|10|13|5|4|10|13|6|4|10|13|7|4|10|13|9|4|10|13|10|4|10|13|11|4|10|13|12|4|10|13|15|4|10|13|16|4|10|13|17|4|10|13|20|4|10|13|24|4|10|13|25|4|10|13|26|4|10|13|28|4|10|13|30|4|10|13|32|4|10|13|34|4|10|13|35|4|10|14|2|4|10|14|4|4|10|14|5|4|10|14|7|4|10|14|8|4|10|14|9|4|10|14|10|4|10|14|11|4|10|14|12|4|10|14|13|4|10|14|15|4|10|14|17|4|10|14|18|4|10|14|19|4|10|14|21|4|10|14|22|4|10|14|24|4|10|14|30|4|10|14|31|4|10|14|32|4|10|15|2|4|10|15|3|4|10|15|4|4|10|15|7|4|10|15|8|4|10|15|9|4|10|15|10|4|10|15|13|4|10|15|14|4|10|15|15|4|10|15|19|4|10|15|21|4|10|15|22|4|10|15|25|4|10|15|27|4|10|15|31|4|10|15|33|4|10|15|34|4|10|16|2|4|10|16|3|4|10|16|4|4|10|16|7|4|10|16|9|4|10|16|10|4|10|16|11|4|10|16|16|4|10|16|17|4|10|16|18|4|10|16|20|4|10|16|21|4|10|17|1|4|10|17|5|4|10|17|6|4|10|17|7|4|10|17|9|4|10|17|14|4|10|17|16|4|10|17|20|4|10|17|21|4|10|17|29|4|10|18|2|4|10|18|3|4|10|18|4|4|10|18|5|4|10|18|10|4|10|18|11|4|10|18|12|4|10|18|14|4|10|18|18|4|10|18|19|4|10|18|20|4|10|18|21|4|10|18|22|4|10|18|23|4|10|18|25|4|10|18|26|4|10|18|27|4|10|18|28|4|10|18|29|4|10|18|30|4|10|18|31|4|10|18|32|4|10|18|33|4|10|19|1|4|10|19|2|4|10|19|4|4|10|19|5|4|10|19|9|4|10|19|11|4|10|19|13|4|10|19|14|4|10|19|19|4|10|19|21|4|10|19|22|4|10|19|23|4|10|19|25|4|10|19|26|4|10|19|29|4|10|19|30|4|10|19|33|4|10|19|34|4|10|19|38|4|10|19|41|4|10|19|42|4|10|19|43|4|10|20|1|4|10|20|4|4|10|20|6|4|10|20|9|4|10|20|11|4|10|20|16|4|10|20|17|4|10|20|18|4|10|20|20|4|10|20|21|4|10|21|1|4|10|21|3|4|10|21|4|4|10|21|5|4|10|21|6|4|10|21|17|4|10|22|2|4|10|23|1|4|10|23|3|4|10|23|15|4|10|23|17|4|10|24|1|4|10|24|2|4|10|24|3|4|10|24|10|4|10|24|12|4|10|24|13|4|10|24|14|4|10|24|16|4|10|24|17|4|10|24|18|4|10|24|21|4|10|24|22|4|10|24|23|4|10|24|24|4|16|1|3|4|16|1|5|4|16|1|8|4|16|2|2|4|16|2|3|4|16|2|4|4|16|2|5|4|16|2|6|4|16|2|7|4|16|2|17|4|16|2|18|4|16|2|19|4|16|2|20|4|16|4|2|4|16|4|3|4|16|4|4|4|16|4|10|4|16|4|11|4|16|4|12|4|16|4|14|4|16|4|19|4|16|4|22|4|16|5|2|4|16|5|3|4|16|5|4|4|16|5|7|4|16|5|8|4|16|5|9|4|16|5|12|4|16|5|13|4|16|6|2|4|16|6|3|4|16|6|6|4|16|6|7|4|16|6|8|4|16|6|9|4|16|6|10|4|16|6|11|4|16|7|3|4|16|8|6|4|16|8|9|4|16|8|10|4|16|8|11|4|16|8|15|4|17|1|15|4|17|1|16|4|17|2|2|4|17|2|10|4|17|3|3|4|17|3|8|4|17|3|11|4|17|4|5|4|17|4|11|4|17|4|13|4|17|4|16|4|17|5|3|4|17|5|4|4|17|5|5|4|17|5|6|4|17|5|7|4|17|5|11|4|17|5|12|4|17|5|14|4|17|6|3|4|17|6|4|4|17|6|5|4|17|6|6|4|17|6|7|4|17|6|9|4|17|6|10|4|17|6|11|4|17|6|13|4|17|7|2|4|17|7|3|4|17|7|5|4|17|7|6|4|17|7|8|4|17|7|9|4|17|8|5|4|17|8|7|4|17|9|12|4|17|9|13|4|27|1|10|4|27|1|12|4|27|2|3|4|27|2|4|4|27|2|5|4|27|2|7|4|27|2|8|4|27|2|10|4|27|2|15|4|27|2|20|4|27|2|24|4|27|2|25|4|27|2|26|4|27|2|27|4|27|2|47|4|27|3|4|4|27|3|9|4|27|3|14|4|27|3|16|4|27|3|24|4|27|3|25|4|27|3|26|4|27|3|28|4|27|4|1|4|27|4|9|4|27|4|19|4|27|4|30|4|27|4|31|4|27|4|34|4|27|5|7|4|27|5|10|4|27|5|13|4|27|5|17|4|27|6|5|4|27|6|6|4|27|6|12|4|27|6|13|4|27|6|15|4|27|6|16|4|27|6|20|4|27|6|21|4|27|6|25|4|27|7|2|4|27|8|13|4|27|8|14|4|27|8|16|4|27|8|17|4|27|8|19|4|27|9|4|4|27|9|22|4|27|10|11|4|27|10|12|4|27|10|16|4|27|10|19|4|27|10|20|4|27|12|6|4|27|12|7|4|27|12|8|4|27|12|9|4|32|1|2|4|32|1|6|4|32|1|7|4|32|1|8|4|32|1|9|4|32|1|10|4|32|1|11|4|32|1|12|4|32|1|14|4|32|2|2|4|32|2|4|4|32|2|9|4|32|3|2|4|32|3|4|4|32|3|7|4|32|4|2|4|32|4|4|4|32|4|8|4|32|4|9|4|32|4|10|4|34|1|12|4|34|1|14|4|34|2|8|4|34|2|9|4|34|2|13|4|34|3|5|4|34|3|7|4|40|1|20|4|40|1|23|4|40|2|2|4|40|2|5|4|40|2|8|4|40|2|13|4|40|2|15|4|40|2|18|4|40|2|20|4|40|3|2|4|40|3|3|4|40|3|7|4|40|3|14|4|40|3|15|4|40|3|17|4|40|4|3|4|40|4|4|4|40|4|6|4|40|4|7|4|40|4|9|4|40|4|10|4|40|4|15|4|40|4|17|4|40|4|19|4|40|5|3|4|41|1|2|4|41|1|7|4|41|1|11|4|41|1|15|4|41|1|17|4|41|1|24|4|41|1|25|4|41|1|27|4|41|1|37|4|41|1|38|4|41|1|40|4|41|1|41|4|41|1|44|4|41|2|5|4|41|2|7|4|41|2|8|4|41|2|11|4|41|2|12|4|41|2|14|4|41|2|16|4|41|2|17|4|41|2|18|4|41|2|19|4|41|2|24|4|41|2|25|4|41|2|27|4|41|3|3|4|41|3|4|4|41|3|5|4|41|3|11|4|41|3|21|4|41|3|22|4|41|3|23|4|41|3|30|4|41|3|32|4|41|3|33|4|41|3|34|4|41|4|3|4|41|4|9|4|41|4|11|4|41|4|13|4|41|4|21|4|41|4|24|4|41|4|26|4|41|4|30|4|41|4|35|4|41|4|38|4|41|4|39|4|41|4|40|4|41|4|41|4|41|5|7|4|41|5|8|4|41|5|9|4|41|5|12|4|41|5|19|4|41|5|23|4|41|5|28|4|41|5|30|4|41|5|31|4|41|5|34|4|41|5|35|4|41|5|36|4|41|5|39|4|41|5|41|4|41|6|2|4|41|6|4|4|41|6|8|4|41|6|10|4|41|6|14|4|41|6|15|4|41|6|16|4|41|6|18|4|41|6|22|4|41|6|23|4|41|6|24|4|41|6|25|4|41|6|31|4|41|6|35|4|41|6|37|4|41|6|38|4|41|6|50|4|41|7|4|4|41|7|5|4|41|7|6|4|41|7|9|4|41|7|14|4|41|7|18|4|41|7|20|4|41|7|27|4|41|7|28|4|41|7|29|4|41|7|34|4|41|7|37|4|41|8|2|4|41|8|4|4|41|8|5|4|41|8|12|4|41|8|15|4|41|8|17|4|41|8|19|4|41|8|20|4|41|8|21|4|41|8|23|4|41|8|24|4|41|8|26|4|41|8|27|4|41|8|28|4|41|8|29|4|41|8|33|4|41|8|34|4|41|9|1|4|41|9|5|4|41|9|7|4|41|9|11|4|41|9|12|4|41|9|13|4|41|9|16|4|41|9|17|4|41|9|19|4|41|9|21|4|41|9|23|4|41|9|24|4|41|9|25|4|41|9|26|4|41|9|28|4|41|9|29|4|41|9|31|4|41|9|33|4|41|9|35|4|41|9|37|4|41|9|38|4|41|9|39|4|41|9|44|4|41|9|46|4|41|10|2|4|41|10|3|4|41|10|4|4|41|10|5|4|41|10|11|4|41|10|14|4|41|10|17|4|41|10|18|4|41|10|20|4|41|10|21|4|41|10|23|4|41|10|24|4|41|10|26|4|41|10|27|4|41|10|28|4|41|10|29|4|41|10|33|4|41|10|35|4|41|10|36|4|41|10|37|4|41|10|38|4|41|10|39|4|41|10|42|4|41|10|47|4|41|10|48|4|41|10|49|4|41|10|51|4|41|10|52|4|41|11|2|4|41|11|5|4|41|11|9|4|41|11|14|4|41|11|17|4|41|11|21|4|41|11|22|4|41|11|26|4|41|11|28|4|41|11|29|4|41|11|31|4|41|11|33|4|41|12|1|4|41|12|14|4|41|12|15|4|41|12|16|4|41|12|17|4|41|12|19|4|41|12|24|4|41|12|28|4|41|12|29|4|41|12|32|4|41|12|34|4|41|12|35|4|41|12|38|4|41|12|43|4|41|13|1|4|41|13|2|4|41|13|4|4|41|13|5|4|41|13|33|4|41|14|2|4|41|14|4|4|41|14|6|4|41|14|12|4|41|14|13|4|41|14|18|4|41|14|19|4|41|14|20|4|41|14|22|4|41|14|24|4|41|14|27|4|41|14|29|4|41|14|30|4|41|14|31|4|41|14|32|4|41|14|34|4|41|14|36|4|41|14|37|4|41|14|41|4|41|14|44|4|41|14|45|4|41|14|48|4|41|14|58|4|41|14|60|4|41|14|61|4|41|14|62|4|41|14|63|4|41|14|65|4|41|14|67|4|41|14|68|4|41|14|69|4|41|14|70|4|41|14|71|4|41|14|72|4|41|15|2|4|41|15|4|4|41|15|9|4|41|15|12|4|41|15|13|4|41|15|14|4|41|15|18|4|41|15|26|4|41|15|28|4|41|15|29|4|41|15|31|4|41|15|34|4|41|15|35|4|41|15|36|4|41|15|39|4|41|16|3|4|41|16|6|4|41|16|8|4|41|16|15|4|42|1|13|4|42|1|18|4|42|1|19|4|42|1|21|4|42|1|25|4|42|1|28|4|42|1|30|4|42|1|34|4|42|1|35|4|42|1|38|4|42|1|42|4|42|1|46|4|42|1|60|4|42|1|61|4|42|1|63|4|42|1|66|4|42|1|68|4|42|1|76|4|42|2|10|4|42|2|14|4|42|2|15|4|42|2|23|4|42|2|29|4|42|2|34|4|42|2|44|4|42|2|48|4|42|2|49|4|42|3|4|4|42|3|7|4|42|3|8|4|42|3|10|4|42|3|11|4|42|3|12|4|42|3|13|4|42|3|14|4|42|3|15|4|42|3|16|4|42|3|22|4|42|4|3|4|42|4|4|4|42|4|6|4|42|4|8|4|42|4|9|4|42|4|10|4|42|4|12|4|42|4|18|4|42|4|21|4|42|4|22|4|42|4|23|4|42|4|34|4|42|4|35|4|42|4|36|4|42|4|41|4|42|4|42|4|42|4|43|4|42|5|4|4|42|5|5|4|42|5|8|4|42|5|10|4|42|5|12|4|42|5|13|4|42|5|14|4|42|5|20|4|42|5|21|4|42|5|22|4|42|5|23|4|42|5|24|4|42|5|26|4|42|5|27|4|42|5|30|4|42|5|31|4|42|5|33|4|42|5|34|4|42|5|36|4|42|5|39|4|42|6|2|4|42|6|3|4|42|6|5|4|42|6|8|4|42|6|9|4|42|6|10|4|42|6|20|4|42|6|39|4|42|6|42|4|42|6|46|4|42|7|3|4|42|7|4|4|42|7|6|4|42|7|8|4|42|7|9|4|42|7|13|4|42|7|14|4|42|7|16|4|42|7|19|4|42|7|20|4|42|7|22|4|42|7|24|4|42|7|27|4|42|7|28|4|42|7|31|4|42|7|32|4|42|7|33|4|42|7|34|4|42|7|39|4|42|7|40|4|42|7|41|4|42|7|42|4|42|7|43|4|42|7|44|4|42|7|48|4|42|7|49|4|42|7|50|4|42|8|5|4|42|8|8|4|42|8|10|4|42|8|20|4|42|8|21|4|42|8|22|4|42|8|24|4|42|8|25|4|42|8|28|4|42|8|30|4|42|8|31|4|42|8|39|4|42|8|45|4|42|8|46|4|42|8|47|4|42|8|48|4|42|8|49|4|42|8|50|4|42|8|52|4|42|8|54|4|42|9|3|4|42|9|9|4|42|9|12|4|42|9|13|4|42|9|14|4|42|9|18|4|42|9|19|4|42|9|20|4|42|9|21|4|42|9|22|4|42|9|23|4|42|9|33|4|42|9|35|4|42|9|38|4|42|9|41|4|42|9|44|4|42|9|46|4|42|9|48|4|42|9|49|4|42|9|50|4|42|9|54|4|42|9|55|4|42|9|57|4|42|9|58|4|42|9|59|4|42|9|60|4|42|9|61|4|42|9|62|4|42|10|2|4|42|10|5|4|42|10|9|4|42|10|11|4|42|10|16|4|42|10|17|4|42|10|18|4|42|10|21|4|42|10|22|4|42|10|23|4|42|10|25|4|42|10|26|4|42|10|27|4|42|10|28|4|42|10|29|4|42|10|30|4|42|10|35|4|42|10|36|4|42|10|37|4|42|10|40|4|42|10|41|4|42|11|1|4|42|11|2|4|42|11|5|4|42|11|7|4|42|11|15|4|42|11|17|4|42|11|27|4|42|11|28|4|42|11|29|4|42|11|39|4|42|11|45|4|42|11|46|4|42|11|49|4|42|12|1|4|42|12|13|4|42|12|14|4|42|12|15|4|42|12|16|4|42|12|17|4|42|12|18|4|42|12|19|4|42|12|20|4|42|12|21|4|42|12|22|4|42|12|41|4|42|12|42|4|42|12|45|4|42|12|54|4|42|13|2|4|42|13|6|4|42|13|7|4|42|13|8|4|42|13|12|4|42|13|14|4|42|13|15|4|42|13|18|4|42|13|20|4|42|13|23|4|42|13|24|4|42|13|25|4|42|13|26|4|42|13|27|4|42|13|31|4|42|13|32|4|42|13|35|4|42|14|3|4|42|14|5|4|42|14|8|4|42|14|9|4|42|14|10|4|42|14|12|4|42|14|15|4|42|14|16|4|42|14|18|4|42|14|19|4|42|14|20|4|42|14|21|4|42|14|22|4|42|14|23|4|42|14|26|4|42|14|30|4|42|15|2|4|42|15|4|4|42|15|6|4|42|15|9|4|42|15|11|4|42|15|12|4|42|15|17|4|42|15|18|4|42|15|21|4|42|15|22|4|42|15|26|4|42|15|27|4|42|15|29|4|42|15|31|4|42|16|1|4|42|16|2|4|42|16|3|4|42|16|5|4|42|16|6|4|42|16|7|4|42|16|9|4|42|16|15|4|42|16|19|4|42|16|24|4|42|16|25|4|42|16|27|4|42|16|29|4|42|16|30|4|42|16|31|4|42|17|1|4|42|17|4|4|42|17|5|4|42|17|6|4|42|17|7|4|42|17|8|4|42|17|10|4|42|17|13|4|42|17|14|4|42|17|17|4|42|17|19|4|42|17|20|4|42|17|21|4|42|17|22|4|42|17|23|4|42|17|37|4|42|18|2|4|42|18|4|4|42|18|6|4|42|18|10|4|42|18|11|4|42|18|13|4|42|18|14|4|42|18|16|4|42|18|18|4|42|18|19|4|42|18|21|4|42|18|22|4|42|18|24|4|42|18|26|4|42|18|27|4|42|18|28|4|42|18|29|4|42|18|31|4|42|18|36|4|42|18|38|4|42|18|39|4|42|18|41|4|42|18|42|4|42|19|5|4|42|19|7|4|42|19|8|4|42|19|9|4|42|19|12|4|42|19|13|4|42|19|14|4|42|19|16|4|42|19|17|4|42|19|18|4|42|19|19|4|42|19|20|4|42|19|22|4|42|19|24|4|42|19|25|4|42|19|26|4|42|19|30|4|42|19|31|4|42|19|33|4|42|19|34|4|42|19|38|4|42|19|39|4|42|19|40|4|42|19|42|4|42|19|46|4|42|20|2|4|42|20|3|4|42|20|5|4|42|20|7|4|42|20|8|4|42|20|9|4|42|20|13|4|42|20|15|4|42|20|16|4|42|20|17|4|42|20|21|4|42|20|24|4|42|20|25|4|42|20|28|4|42|20|34|4|42|20|39|4|42|20|41|4|42|20|42|4|42|20|46|4|42|21|3|4|42|21|6|4|42|21|7|4|42|21|8|4|42|21|29|4|42|22|8|4|42|22|9|4|42|22|10|4|42|22|11|4|42|22|15|4|42|22|17|4|42|22|19|4|42|22|20|4|42|22|25|4|42|22|31|4|42|22|33|4|42|22|34|4|42|22|35|4|42|22|36|4|42|22|37|4|42|22|38|4|42|22|40|4|42|22|42|4|42|22|46|4|42|22|48|4|42|22|49|4|42|22|51|4|42|22|52|4|42|22|56|4|42|22|57|4|42|22|58|4|42|22|59|4|42|22|60|4|42|22|61|4|42|22|64|4|42|22|67|4|42|22|70|4|42|22|71|4|42|23|3|4|42|23|4|4|42|23|6|4|42|23|14|4|42|23|21|4|42|23|22|4|42|23|28|4|42|23|29|4|42|23|30|4|42|23|34|4|42|23|35|4|42|23|36|4|42|23|37|4|42|23|38|4|42|23|39|4|42|23|40|4|42|23|42|4|42|23|43|4|42|23|46|4|42|23|47|4|42|24|5|4|42|24|7|4|42|24|17|4|42|24|18|4|42|24|19|4|42|24|25|4|42|24|29|4|42|24|32|4|42|24|34|4|42|24|36|4|42|24|38|4|42|24|41|4|42|24|44|4|42|24|46|4|44|1|4|4|44|1|6|4|44|1|7|4|44|1|11|4|44|1|16|4|44|1|20|4|44|1|24|4|49|1|1|4|49|1|3|4|49|1|15|4|49|2|1|4|49|2|11|4|49|3|1|4|49|3|14|4|49|4|1|4|49|4|17|4|49|5|14|4|49|5|15|4|49|5|21|4|49|6|1|4|49|6|5|4|49|6|10|4|49|6|21|4|51|2|21|4|56|1|12|7|1|1|2|7|1|1|3|7|1|1|4|7|1|1|6|7|1|1|7|7|1|1|8|7|1|1|9|7|1|1|10|7|1|1|13|7|1|1|14|7|1|1|15|7|1|1|17|7|1|1|18|7|1|1|19|7|2|1|2|7|2|1|3|7|2|1|4|7|2|1|5|7|2|1|6|7|2|1|8|7|2|1|9|7|2|1|10|7|2|1|11|7|2|1|12|7|2|1|14|7|2|1|16|7|2|2|4|7|2|2|9|7|2|2|11|7|2|2|13|7|2|2|18|7|2|3|4|7|2|3|5|7|2|3|7|7|2|3|8|7|2|3|9|7|2|3|10|7|2|3|11|7|2|3|12|7|2|3|13|7|2|3|14|7|2|3|15|7|2|4|3|7|2|4|4|7|2|4|5|7|2|4|8|7|2|4|13|7|2|5|2|7|2|5|4|7|2|5|8|7|2|5|9|7|2|5|10|7|3|1|1|7|3|1|5|7|3|2|2|7|3|2|3|7|3|2|8|7|3|2|9|7|3|3|6|7|3|3|12|7|3|4|2|7|3|4|5|,4,,0,5,,1
7739,-QuoteBegin1,,94,,,0,Marks the beginning of an embedded quote,,,,,,4|1|3|1|4|1|3|3|4|1|12|19|4|1|18|13|4|1|26|9|4|1|43|7|4|6|1|11|4|6|1|13|4|6|3|8|4|6|4|21|4|6|4|22|4|6|8|6|4|6|9|11|4|6|9|22|4|6|14|9|4|6|22|16|4|6|22|24|4|6|22|26|4|6|22|27|4|6|22|28|4|6|24|2|4|8|2|7|4|8|2|21|4|8|3|17|4|27|4|14|4|27|4|23|4|27|4|26|4|27|4|35|4|27|7|5|4|27|7|17|4|27|7|23|4|40|2|6|4|40|3|3|4|40|3|9|4|40|4|4|4|40|4|6|4|40|4|7|4|40|4|10|4|40|5|21|4|40|5|22|4|40|5|27|4|40|5|31|4|40|5|33|4|40|5|37|4|40|5|38|4|40|5|43|4|41|1|3|4|41|2|9|4|41|2|11|4|41|4|12|4|41|5|31|4|41|5|41|4|41|7|6|4|41|7|10|4|41|7|11|4|41|9|48|4|41|10|19|4|41|11|3|4|41|11|17|4|41|11|23|4|41|11|31|4|41|11|32|4|41|12|6|4|41|12|7|4|41|12|10|4|41|12|26|4|41|12|29|4|41|12|31|4|41|12|36|4|41|13|6|4|41|13|21|4|41|13|37|4|41|14|14|4|41|14|27|4|41|14|58|4|41|15|28|4|41|16|7|,4,,0,,,0
7740,-QuoteBegin2,,6,,,0,Marks the beginning of a doubly embedded quote,,,,,,4|6|9|11|4|6|22|28|4|41|12|36|4|41|14|14|,4,,0,,,0
7741,-QuoteBegin3,,0,,,0,Marks the beginning of a triply embedded quote,,,,,,,4,,0,,,0
7742,-QuoteEnd,,3026,,,0,Marks the end of a direct quote,,,,,,6|8|1|104|6|9|1|3|6|9|1|6|6|9|1|7|6|9|1|9|4|1|1|3|4|1|1|6|4|1|1|9|4|1|1|11|4|1|1|15|4|1|1|20|4|1|1|22|4|1|1|24|4|1|1|26|4|1|1|28|4|1|1|30|4|1|2|17|4|1|2|18|4|1|2|23|4|1|3|1|4|1|3|3|4|1|3|5|4|1|3|9|4|1|3|10|4|1|3|11|4|1|3|12|4|1|3|13|4|1|3|15|4|1|3|16|4|1|3|19|4|1|3|22|4|1|4|1|4|1|4|7|4|1|4|8|4|1|4|9|4|1|4|12|4|1|4|14|4|1|4|15|4|1|4|24|4|1|4|25|4|1|5|29|4|1|6|3|4|1|6|7|4|1|6|21|4|1|7|4|4|1|8|17|4|1|8|22|4|1|9|7|4|1|9|11|4|1|9|16|4|1|9|17|4|1|9|25|4|1|9|27|4|1|10|9|4|1|11|3|4|1|11|4|4|1|11|7|4|1|12|3|4|1|12|7|4|1|12|12|4|1|12|13|4|1|12|19|4|1|13|9|4|1|13|17|4|1|14|20|4|1|14|21|4|1|14|23|4|1|14|24|4|1|15|1|4|1|15|2|4|1|15|3|4|1|15|4|4|1|15|5|4|1|15|7|4|1|15|8|4|1|15|9|4|1|15|16|4|1|15|21|4|1|16|2|4|1|16|5|4|1|16|6|4|1|16|8|4|1|16|9|4|1|16|10|4|1|16|12|4|1|16|13|4|1|17|2|4|1|17|8|4|1|17|14|4|1|17|16|4|1|17|17|4|1|17|18|4|1|17|21|4|1|18|5|4|1|18|6|4|1|18|9|4|1|18|10|4|1|18|12|4|1|18|14|4|1|18|15|4|1|18|19|4|1|18|21|4|1|18|25|4|1|18|26|4|1|18|28|4|1|18|29|4|1|18|30|4|1|18|31|4|1|18|32|4|1|19|2|4|1|19|5|4|1|19|8|4|1|19|9|4|1|19|13|4|1|19|14|4|1|19|15|4|1|19|17|4|1|19|20|4|1|19|22|4|1|19|32|4|1|19|34|4|1|20|3|4|1|20|5|4|1|20|7|4|1|20|9|4|1|20|10|4|1|20|13|4|1|20|15|4|1|20|16|4|1|21|7|4|1|21|10|4|1|21|13|4|1|21|16|4|1|21|18|4|1|21|23|4|1|21|24|4|1|21|26|4|1|21|29|4|1|21|30|4|1|22|1|4|1|22|2|4|1|22|5|4|1|22|7|4|1|22|8|4|1|22|11|4|1|22|12|4|1|22|14|4|1|22|18|4|1|22|22|4|1|23|4|4|1|23|6|4|1|23|9|4|1|23|11|4|1|23|13|4|1|23|15|4|1|24|4|4|1|24|5|4|1|24|7|4|1|24|8|4|1|24|14|4|1|24|17|4|1|24|18|4|1|24|19|4|1|24|23|4|1|24|24|4|1|24|25|4|1|24|27|4|1|24|31|4|1|24|33|4|1|24|38|4|1|24|39|4|1|24|41|4|1|24|43|4|1|24|44|4|1|24|45|4|1|24|46|4|1|24|47|4|1|24|49|4|1|24|51|4|1|24|54|4|1|24|55|4|1|24|56|4|1|24|57|4|1|24|58|4|1|24|60|4|1|24|65|4|1|25|22|4|1|25|23|4|1|25|30|4|1|25|31|4|1|25|32|4|1|25|33|4|1|26|5|4|1|26|7|4|1|26|9|4|1|26|10|4|1|26|11|4|1|26|16|4|1|26|20|4|1|26|22|4|1|26|24|4|1|26|27|4|1|26|29|4|1|26|32|4|1|27|1|4|1|27|4|4|1|27|7|4|1|27|10|4|1|27|12|4|1|27|13|4|1|27|18|4|1|27|19|4|1|27|20|4|1|27|21|4|1|27|22|4|1|27|24|4|1|27|25|4|1|27|26|4|1|27|29|4|1|27|31|4|1|27|32|4|1|27|33|4|1|27|34|4|1|27|35|4|1|27|36|4|1|27|37|4|1|27|38|4|1|27|40|4|1|27|41|4|1|27|45|4|1|27|46|4|1|28|4|4|1|28|6|4|1|28|15|4|1|28|16|4|1|28|17|4|1|28|22|4|1|29|4|4|1|29|5|4|1|29|6|4|1|29|7|4|1|29|8|4|1|29|14|4|1|29|15|4|1|29|18|4|1|29|19|4|1|29|21|4|1|29|25|4|1|29|27|4|1|29|32|4|1|29|33|4|1|29|34|4|1|29|35|4|1|30|1|4|1|30|2|4|1|30|3|4|1|30|6|4|1|30|8|4|1|30|11|4|1|30|13|4|1|30|14|4|1|30|15|4|1|30|16|4|1|30|18|4|1|30|20|4|1|30|23|4|1|30|24|4|1|30|26|4|1|30|27|4|1|30|28|4|1|30|30|4|1|30|31|4|1|30|33|4|1|30|34|4|1|31|1|4|1|31|3|4|1|31|8|4|1|31|11|4|1|31|13|4|1|31|16|4|1|31|24|4|1|31|29|4|1|31|30|4|1|31|32|4|1|31|35|4|1|31|42|4|1|31|44|4|1|31|46|4|1|31|48|4|1|31|50|4|1|31|53|4|1|32|2|4|1|32|5|4|1|32|6|4|1|32|8|4|1|32|9|4|1|32|12|4|1|32|16|4|1|32|17|4|1|32|18|4|1|32|20|4|1|32|26|4|1|32|27|4|1|32|28|4|1|32|29|4|1|32|30|4|1|33|5|4|1|33|8|4|1|33|9|4|1|33|11|4|1|33|12|4|1|33|14|4|1|33|15|4|1|34|4|4|1|34|10|4|1|34|12|4|1|34|17|4|1|34|23|4|1|34|30|4|1|34|31|4|1|35|1|4|1|35|3|4|1|35|10|4|1|35|12|4|1|35|17|4|1|37|7|4|1|37|8|4|1|37|9|4|1|37|10|4|1|37|13|4|1|37|14|4|1|37|15|4|1|37|16|4|1|37|17|4|1|37|20|4|1|37|22|4|1|37|27|4|1|37|30|4|1|37|32|4|1|37|33|4|1|37|35|4|1|38|8|4|1|38|11|4|1|38|13|4|1|38|16|4|1|38|17|4|1|38|18|4|1|38|21|4|1|38|22|4|1|38|23|4|1|38|24|4|1|38|25|4|1|38|26|4|1|38|28|4|1|38|29|4|1|39|7|4|1|39|9|4|1|39|12|4|1|39|15|4|1|39|18|4|1|39|19|4|1|40|7|4|1|40|8|4|1|40|11|4|1|40|15|4|1|40|17|4|1|40|19|4|1|41|13|4|1|41|15|4|1|41|16|4|1|41|24|4|1|41|36|4|1|41|38|4|1|41|40|4|1|41|41|4|1|41|43|4|1|41|44|4|1|41|51|4|1|41|52|4|1|41|55|4|1|42|1|4|1|42|2|4|1|42|7|4|1|42|9|4|1|42|11|4|1|42|12|4|1|42|13|4|1|42|16|4|1|42|20|4|1|42|21|4|1|42|22|4|1|42|28|4|1|42|32|4|1|42|34|4|1|42|36|4|1|42|37|4|1|42|38|4|1|43|2|4|1|43|3|4|1|43|5|4|1|43|6|4|1|43|7|4|1|43|10|4|1|43|14|4|1|43|16|4|1|43|18|4|1|43|22|4|1|43|23|4|1|43|27|4|1|43|28|4|1|43|29|4|1|43|31|4|1|44|2|4|1|44|5|4|1|44|9|4|1|44|10|4|1|44|15|4|1|44|16|4|1|44|17|4|1|44|19|4|1|44|20|4|1|44|21|4|1|44|22|4|1|44|23|4|1|44|25|4|1|44|26|4|1|44|28|4|1|44|29|4|1|44|32|4|1|44|34|4|1|45|1|4|1|45|3|4|1|45|4|4|1|45|11|4|1|45|13|4|1|45|18|4|1|45|20|4|1|45|24|4|1|45|26|4|1|45|28|4|1|46|2|4|1|46|4|4|1|46|30|4|1|46|32|4|1|46|33|4|1|46|34|4|1|47|1|4|1|47|3|4|1|47|4|4|1|47|6|4|1|47|8|4|1|47|9|4|1|47|15|4|1|47|16|4|1|47|19|4|1|47|24|4|1|47|25|4|1|47|30|4|1|47|31|4|1|48|1|4|1|48|2|4|1|48|4|4|1|48|7|4|1|48|8|4|1|48|9|4|1|48|11|4|1|48|16|4|1|48|18|4|1|48|19|4|1|48|20|4|1|49|27|4|1|49|32|4|1|50|5|4|1|50|6|4|1|50|11|4|1|50|15|4|1|50|17|4|1|50|18|4|1|50|21|4|1|50|24|4|1|50|25|4|2|1|10|4|2|1|16|4|2|1|18|4|2|1|19|4|2|1|22|4|2|2|6|4|2|2|7|4|2|2|8|4|2|2|9|4|2|2|13|4|2|2|14|4|2|2|18|4|2|2|19|4|2|2|20|4|2|3|3|4|2|3|4|4|2|3|5|4|2|3|6|4|2|3|10|4|2|3|11|4|2|3|12|4|2|3|13|4|2|3|14|4|2|3|15|4|2|3|17|4|2|3|18|4|2|3|22|4|2|4|1|4|2|4|2|4|2|4|3|4|2|4|4|4|2|4|5|4|2|4|6|4|2|4|7|4|2|4|9|4|2|4|10|4|2|4|12|4|2|4|13|4|2|4|17|4|2|4|18|4|2|4|19|4|2|4|23|4|2|4|25|4|2|4|26|4|2|4|27|4|2|5|1|4|2|5|2|4|2|5|3|4|2|5|4|4|2|5|5|4|2|5|8|4|2|5|9|4|2|5|11|4|2|5|13|4|2|5|14|4|2|5|16|4|2|5|17|4|2|5|18|4|2|5|19|4|2|5|21|4|2|5|23|4|2|6|1|4|2|6|8|4|2|6|11|4|2|6|12|4|2|6|26|4|2|6|29|4|2|6|30|4|2|7|5|4|2|7|9|4|2|7|16|4|2|7|18|4|2|7|19|4|2|8|4|4|2|8|5|4|2|8|8|4|2|8|9|4|2|8|10|4|2|8|11|4|2|8|16|4|2|8|19|4|2|8|23|4|2|8|25|4|2|8|27|4|2|8|28|4|2|8|29|4|2|9|4|4|2|9|5|4|2|9|9|4|2|9|19|4|2|9|22|4|2|9|28|4|2|9|30|4|2|10|2|4|2|10|6|4|2|10|7|4|2|10|8|4|2|10|9|4|2|10|11|4|2|10|12|4|2|10|17|4|2|10|21|4|2|10|24|4|2|10|26|4|2|10|28|4|2|10|29|4|2|11|8|4|2|11|9|4|2|12|20|4|2|12|26|4|2|12|27|4|2|12|32|4|2|12|33|4|2|12|49|4|2|13|2|4|2|13|8|4|2|13|14|4|2|13|16|4|2|13|17|4|2|13|19|4|2|14|3|4|2|14|4|4|2|14|5|4|2|14|12|4|2|14|14|4|2|14|18|4|2|14|25|4|2|14|26|4|2|15|9|4|2|15|18|4|2|15|21|4|2|15|24|4|2|15|26|4|2|16|3|4|2|16|5|4|2|16|7|4|2|16|8|4|2|16|9|4|2|16|15|4|2|16|16|4|2|16|19|4|2|16|23|4|2|16|29|4|2|16|32|4|2|16|33|4|2|17|2|4|2|17|3|4|2|17|4|4|2|17|6|4|2|17|7|4|2|17|9|4|2|17|14|4|2|17|16|4|2|18|3|4|2|18|4|4|2|18|6|4|2|18|11|4|2|18|14|4|2|18|16|4|2|18|23|4|2|19|6|4|2|19|8|4|2|19|9|4|2|19|13|4|2|19|15|4|2|19|22|4|2|19|23|4|2|19|24|4|2|20|17|4|2|20|19|4|2|20|20|4|2|20|26|4|2|21|5|4|2|21|11|4|2|21|36|4|2|22|9|4|2|22|15|4|2|22|31|4|2|23|9|4|2|23|13|4|2|23|19|4|2|23|33|4|2|24|2|4|2|24|3|4|2|24|7|4|2|24|8|4|2|24|12|4|2|24|14|4|2|25|9|4|2|25|22|4|2|25|30|4|2|25|40|4|6|1|9|4|6|1|11|4|6|1|15|4|6|1|18|4|6|2|1|4|6|2|2|4|6|2|3|4|6|2|5|4|6|2|13|4|6|2|14|4|6|2|16|4|6|2|20|4|6|2|21|4|6|2|24|4|6|3|4|4|6|3|5|4|6|3|6|4|6|3|8|4|6|3|13|4|6|4|3|4|6|4|6|4|6|4|7|4|6|4|16|4|6|4|17|4|6|4|24|4|6|5|2|4|6|5|9|4|6|5|13|4|6|5|14|4|6|5|15|4|6|6|5|4|6|6|6|4|6|6|7|4|6|6|10|4|6|6|19|4|6|6|22|4|6|6|26|4|6|7|2|4|6|7|3|4|6|7|9|4|6|7|15|4|6|7|19|4|6|7|21|4|6|7|25|4|6|8|2|4|6|8|8|4|6|8|18|4|6|9|6|4|6|9|7|4|6|9|8|4|6|9|13|4|6|9|20|4|6|9|21|4|6|9|23|4|6|9|25|4|6|10|4|4|6|10|6|4|6|10|8|4|6|10|12|4|6|10|19|4|6|10|22|4|6|10|24|4|6|10|25|4|6|11|6|4|6|13|7|4|6|14|12|4|6|15|16|4|6|15|18|4|6|15|19|4|6|17|4|4|6|17|14|4|6|17|15|4|6|17|16|4|6|17|18|4|6|18|7|4|6|18|8|4|6|20|6|4|6|21|2|4|6|22|5|4|6|22|8|4|6|22|20|4|6|22|29|4|6|22|31|4|6|22|34|4|6|23|16|4|6|24|15|4|6|24|18|4|6|24|20|4|6|24|21|4|6|24|22|4|6|24|23|4|6|24|24|4|6|24|27|4|7|1|1|4|7|1|2|4|7|1|3|4|7|1|7|4|7|1|12|4|7|1|14|4|7|1|15|4|7|1|24|4|7|2|2|4|7|2|3|4|7|2|22|4|7|3|19|4|7|3|20|4|7|3|28|4|7|4|7|4|7|4|8|4|7|4|9|4|7|4|14|4|7|4|18|4|7|4|19|4|7|4|20|4|7|4|22|4|7|5|24|4|7|5|28|4|7|5|30|4|7|5|31|4|7|6|10|4|7|6|12|4|7|6|13|4|7|6|14|4|7|6|15|4|7|6|16|4|7|6|18|4|7|6|20|4|7|6|22|4|7|6|23|4|7|6|26|4|7|6|29|4|7|6|30|4|7|6|31|4|7|6|32|4|7|6|37|4|7|6|39|4|7|7|3|4|7|7|4|4|7|7|5|4|7|7|7|4|7|7|11|4|7|7|13|4|7|7|14|4|7|7|15|4|7|7|18|4|7|7|20|4|7|7|24|4|7|8|1|4|7|8|3|4|7|8|5|4|7|8|6|4|7|8|7|4|7|8|9|4|7|8|15|4|7|8|18|4|7|8|19|4|7|8|20|4|7|8|22|4|7|8|24|4|7|8|25|4|7|9|2|4|7|9|3|4|7|9|8|4|7|9|9|4|7|9|10|4|7|9|12|4|7|9|13|4|7|9|14|4|7|9|15|4|7|9|20|4|7|9|29|4|7|9|33|4|7|9|36|4|7|9|37|4|7|9|38|4|7|9|54|4|7|10|10|4|7|10|14|4|7|10|15|4|7|10|18|4|7|11|2|4|7|11|6|4|7|11|7|4|7|11|8|4|7|11|9|4|7|11|10|4|7|11|12|4|7|11|13|4|7|11|17|4|7|11|19|4|7|11|27|4|7|11|31|4|7|11|35|4|7|11|36|4|7|11|37|4|7|11|38|4|7|12|1|4|7|12|3|4|7|12|4|4|7|12|5|4|7|12|6|4|7|13|5|4|7|13|6|4|7|13|7|4|7|13|8|4|7|13|10|4|7|13|11|4|7|13|12|4|7|13|14|4|7|13|15|4|7|13|16|4|7|13|17|4|7|13|18|4|7|13|22|4|7|13|23|4|7|14|2|4|7|14|3|4|7|14|13|4|7|14|14|4|7|14|15|4|7|14|16|4|7|14|18|4|7|15|1|4|7|15|2|4|7|15|3|4|7|15|6|4|7|15|7|4|7|15|10|4|7|15|11|4|7|15|12|4|7|15|13|4|7|15|16|4|7|15|18|4|7|16|2|4|7|16|5|4|7|16|6|4|7|16|7|4|7|16|9|4|7|16|10|4|7|16|11|4|7|16|12|4|7|16|13|4|7|16|14|4|7|16|15|4|7|16|17|4|7|16|18|4|7|16|20|4|7|16|23|4|7|16|24|4|7|16|25|4|7|16|26|4|7|16|28|4|7|16|30|4|7|17|2|4|7|17|3|4|7|17|9|4|7|17|10|4|7|17|13|4|7|18|2|4|7|18|3|4|7|18|4|4|7|18|5|4|7|18|6|4|7|18|8|4|7|18|10|4|7|18|14|4|7|18|18|4|7|18|19|4|7|18|23|4|7|18|24|4|7|18|25|4|7|19|5|4|7|19|6|4|7|19|8|4|7|19|9|4|7|19|11|4|7|19|12|4|7|19|13|4|7|19|17|4|7|19|19|4|7|19|20|4|7|19|22|4|7|19|24|4|7|19|28|4|7|19|30|4|7|20|3|4|7|20|7|4|7|20|10|4|7|20|13|4|7|20|18|4|7|20|23|4|7|20|28|4|7|20|32|4|7|20|39|4|7|21|1|4|7|21|3|4|7|21|5|4|7|21|6|4|7|21|7|4|7|21|8|4|7|21|11|4|7|21|19|4|7|21|22|4|8|1|9|4|8|1|10|4|8|1|13|4|8|1|15|4|8|1|17|4|8|1|19|4|8|1|20|4|8|1|21|4|8|2|2|4|8|2|4|4|8|2|5|4|8|2|7|4|8|2|9|4|8|2|10|4|8|2|12|4|8|2|13|4|8|2|14|4|8|2|16|4|8|2|19|4|8|2|20|4|8|2|21|4|8|2|22|4|8|3|4|4|8|3|5|4|8|3|9|4|8|3|13|4|8|3|14|4|8|3|15|4|8|3|16|4|8|3|17|4|8|3|18|4|8|4|1|4|8|4|2|4|8|4|4|4|8|4|5|4|8|4|6|4|8|4|8|4|8|4|10|4|8|4|12|4|8|4|15|4|8|4|17|4|9|1|11|4|9|1|14|4|9|1|16|4|9|1|17|4|9|1|18|4|9|1|20|4|9|1|22|4|9|1|23|4|9|1|28|4|9|2|10|4|9|2|15|4|9|2|16|4|9|2|20|4|9|2|25|4|9|2|29|4|9|2|30|4|9|2|36|4|9|3|4|4|9|3|5|4|9|3|6|4|9|3|8|4|9|3|9|4|9|3|10|4|9|3|14|4|9|3|16|4|9|3|17|4|9|3|18|4|9|4|3|4|9|4|6|4|9|4|9|4|9|4|14|4|9|4|16|4|9|4|17|4|9|4|20|4|9|4|21|4|9|4|22|4|9|5|7|4|9|5|8|4|9|5|10|4|9|5|11|4|9|6|2|4|9|6|3|4|9|6|4|4|9|6|9|4|9|6|20|4|9|6|21|4|9|7|3|4|9|7|5|4|9|7|6|4|9|7|8|4|9|7|12|4|9|8|5|4|9|8|9|4|9|8|18|4|9|8|20|4|9|8|22|4|9|9|3|4|9|9|5|4|9|9|6|4|9|9|7|4|9|9|8|4|9|9|9|4|9|9|10|4|9|9|11|4|9|9|13|4|9|9|16|4|9|9|17|4|9|9|18|4|9|9|20|4|9|9|21|4|9|9|23|4|9|9|24|4|9|9|26|4|9|9|27|4|9|10|2|4|9|10|8|4|9|10|11|4|9|10|12|4|9|10|14|4|9|10|15|4|9|10|16|4|9|10|18|4|9|10|19|4|9|10|22|4|9|10|24|4|9|10|27|4|9|11|1|4|9|11|2|4|9|11|3|4|9|11|5|4|9|11|7|4|9|11|9|4|9|11|10|4|9|11|12|4|9|11|13|4|9|11|14|4|9|12|3|4|9|12|4|4|9|12|5|4|9|12|10|4|9|12|12|4|9|12|17|4|9|12|19|4|9|12|25|4|9|13|3|4|9|13|4|4|9|13|9|4|9|13|11|4|9|13|12|4|9|13|14|4|9|13|19|4|9|14|1|4|9|14|6|4|9|14|7|4|9|14|9|4|9|14|10|4|9|14|11|4|9|14|12|4|9|14|17|4|9|14|18|4|9|14|19|4|9|14|24|4|9|14|28|4|9|14|30|4|9|14|33|4|9|14|34|4|9|14|36|4|9|14|37|4|9|14|39|4|9|14|40|4|9|14|41|4|9|14|42|4|9|14|43|4|9|14|44|4|9|14|45|4|9|15|3|4|9|15|6|4|9|15|11|4|9|15|12|4|9|15|13|4|9|15|14|4|9|15|15|4|9|15|16|4|9|15|18|4|9|15|19|4|9|15|21|4|9|15|23|4|9|15|25|4|9|15|26|4|9|15|29|4|9|15|30|4|9|15|32|4|9|15|33|4|9|16|1|4|9|16|2|4|9|16|3|4|9|16|4|4|9|16|5|4|9|16|6|4|9|16|7|4|9|16|8|4|9|16|9|4|9|16|10|4|9|16|11|4|9|16|12|4|9|16|16|4|9|16|17|4|9|16|18|4|9|16|19|4|9|16|22|4|9|17|9|4|9|17|10|4|9|17|19|4|9|17|25|4|9|17|26|4|9|17|28|4|9|17|29|4|9|17|32|4|9|17|33|4|9|17|37|4|9|17|39|4|9|17|43|4|9|17|44|4|9|17|47|4|9|17|55|4|9|17|56|4|9|17|58|4|9|18|7|4|9|18|8|4|9|18|11|4|9|18|17|4|9|18|18|4|9|18|21|4|9|18|22|4|9|18|23|4|9|18|25|4|9|19|3|4|9|19|5|4|9|19|6|4|9|19|11|4|9|19|14|4|9|19|15|4|9|19|17|4|9|19|19|4|9|19|22|4|9|19|24|4|9|20|1|4|9|20|2|4|9|20|3|4|9|20|4|4|9|20|6|4|9|20|8|4|9|20|9|4|9|20|10|4|9|20|11|4|9|20|15|4|9|20|16|4|9|20|21|4|9|20|22|4|9|20|23|4|9|20|26|4|9|20|27|4|9|20|29|4|9|20|31|4|9|20|32|4|9|20|36|4|9|20|37|4|9|20|38|4|9|20|40|4|9|20|42|4|9|21|1|4|9|21|2|4|9|21|3|4|9|21|4|4|9|21|5|4|9|21|8|4|9|21|9|4|9|21|11|4|9|21|15|4|9|22|3|4|9|22|5|4|9|22|8|4|9|22|10|4|9|22|12|4|9|22|13|4|9|22|15|4|9|22|16|4|9|22|17|4|9|22|18|4|9|22|23|4|9|23|1|4|9|23|2|4|9|23|3|4|9|23|4|4|9|23|7|4|9|23|9|4|9|23|11|4|9|23|12|4|9|23|17|4|9|23|20|4|9|23|23|4|9|23|27|4|9|23|28|4|9|24|1|4|9|24|4|4|9|24|6|4|9|24|8|4|9|24|10|4|9|24|13|4|9|24|15|4|9|24|16|4|9|24|21|4|9|25|8|4|9|25|11|4|9|25|13|4|9|25|17|4|9|25|19|4|9|25|22|4|9|25|31|4|9|25|34|4|9|25|35|4|9|25|39|4|9|25|40|4|9|25|41|4|9|26|1|4|9|26|6|4|9|26|8|4|9|26|11|4|9|26|14|4|9|26|16|4|9|26|17|4|9|26|19|4|9|26|20|4|9|26|21|4|9|26|24|4|9|26|25|4|9|27|1|4|9|27|5|4|9|27|10|4|9|27|11|4|9|27|12|4|9|28|1|4|9|28|2|4|9|28|7|4|9|28|8|4|9|28|9|4|9|28|10|4|9|28|11|4|9|28|12|4|9|28|13|4|9|28|14|4|9|28|15|4|9|28|19|4|9|28|22|4|9|28|23|4|9|29|3|4|9|29|5|4|9|29|7|4|9|29|8|4|9|29|9|4|9|29|10|4|9|30|7|4|9|30|8|4|9|30|13|4|9|30|14|4|9|30|15|4|9|30|20|4|9|30|22|4|9|30|24|4|9|30|26|4|9|31|4|4|10|1|3|4|10|1|4|4|10|1|5|4|10|1|7|4|10|1|8|4|10|1|10|4|10|1|13|4|10|1|14|4|10|1|15|4|10|1|16|4|10|1|27|4|10|2|1|4|10|2|7|4|10|2|14|4|10|2|20|4|10|2|21|4|10|2|22|4|10|2|26|4|10|2|27|4|10|3|7|4|10|3|10|4|10|3|12|4|10|3|13|4|10|3|14|4|10|3|16|4|10|3|18|4|10|3|21|4|10|3|23|4|10|3|25|4|10|3|29|4|10|3|31|4|10|3|34|4|10|3|35|4|10|3|39|4|10|4|8|4|10|4|10|4|10|4|11|4|10|5|2|4|10|5|6|4|10|5|8|4|10|5|19|4|10|5|20|4|10|5|24|4|10|6|9|4|10|6|12|4|10|6|20|4|10|6|22|4|10|7|2|4|10|7|3|4|10|7|7|4|10|7|16|4|10|7|26|4|10|7|27|4|10|7|29|4|10|9|1|4|10|9|2|4|10|9|3|4|10|9|4|4|10|9|6|4|10|9|7|4|10|9|8|4|10|9|10|4|10|9|11|4|10|10|2|4|10|10|3|4|10|10|5|4|10|10|12|4|10|11|3|4|10|11|6|4|10|11|8|4|10|11|10|4|10|11|11|4|10|11|12|4|10|11|15|4|10|11|21|4|10|11|24|4|10|11|25|4|10|12|4|4|10|12|6|4|10|12|10|4|10|12|12|4|10|12|13|4|10|12|14|4|10|12|18|4|10|12|19|4|10|12|21|4|10|12|22|4|10|12|23|4|10|12|25|4|10|12|28|4|10|13|4|4|10|13|5|4|10|13|6|4|10|13|7|4|10|13|9|4|10|13|10|4|10|13|11|4|10|13|13|4|10|13|15|4|10|13|16|4|10|13|17|4|10|13|20|4|10|13|24|4|10|13|25|4|10|13|26|4|10|13|28|4|10|13|30|4|10|13|33|4|10|13|34|4|10|13|35|4|10|14|3|4|10|14|4|4|10|14|5|4|10|14|7|4|10|14|8|4|10|14|9|4|10|14|10|4|10|14|11|4|10|14|12|4|10|14|16|4|10|14|17|4|10|14|18|4|10|14|19|4|10|14|20|4|10|14|21|4|10|14|22|4|10|14|24|4|10|14|30|4|10|14|31|4|10|14|32|4|10|15|2|4|10|15|3|4|10|15|4|4|10|15|8|4|10|15|9|4|10|15|10|4|10|15|13|4|10|15|14|4|10|15|15|4|10|15|20|4|10|15|21|4|10|15|22|4|10|15|26|4|10|15|28|4|10|15|31|4|10|15|34|4|10|15|36|4|10|16|2|4|10|16|3|4|10|16|4|4|10|16|8|4|10|16|9|4|10|16|10|4|10|16|12|4|10|16|16|4|10|16|17|4|10|16|19|4|10|16|20|4|10|16|21|4|10|17|3|4|10|17|5|4|10|17|6|4|10|17|9|4|10|17|13|4|10|17|14|4|10|17|16|4|10|17|20|4|10|17|21|4|10|17|29|4|10|18|2|4|10|18|3|4|10|18|4|4|10|18|5|4|10|18|10|4|10|18|11|4|10|18|12|4|10|18|13|4|10|18|14|4|10|18|18|4|10|18|19|4|10|18|20|4|10|18|21|4|10|18|22|4|10|18|23|4|10|18|25|4|10|18|26|4|10|18|27|4|10|18|28|4|10|18|29|4|10|18|30|4|10|18|31|4|10|18|32|4|10|18|33|4|10|19|1|4|10|19|2|4|10|19|4|4|10|19|7|4|10|19|10|4|10|19|12|4|10|19|13|4|10|19|14|4|10|19|20|4|10|19|21|4|10|19|22|4|10|19|23|4|10|19|25|4|10|19|26|4|10|19|28|4|10|19|29|4|10|19|30|4|10|19|33|4|10|19|37|4|10|19|38|4|10|19|41|4|10|19|42|4|10|19|43|4|10|20|1|4|10|20|4|4|10|20|6|4|10|20|9|4|10|20|11|4|10|20|16|4|10|20|17|4|10|20|18|4|10|20|19|4|10|20|21|4|10|21|1|4|10|21|3|4|10|21|4|4|10|21|6|4|10|21|17|4|10|22|51|4|10|23|7|4|10|23|15|4|10|23|17|4|10|24|1|4|10|24|2|4|10|24|3|4|10|24|10|4|10|24|12|4|10|24|13|4|10|24|14|4|10|24|16|4|10|24|17|4|10|24|18|4|10|24|21|4|10|24|23|4|10|24|24|4|16|1|3|4|16|1|9|4|16|1|11|4|16|2|2|4|16|2|3|4|16|2|4|4|16|2|5|4|16|2|6|4|16|2|7|4|16|2|8|4|16|2|17|4|16|2|18|4|16|2|19|4|16|2|20|4|16|4|2|4|16|4|3|4|16|4|5|4|16|4|10|4|16|4|11|4|16|4|12|4|16|4|14|4|16|4|20|4|16|4|22|4|16|5|2|4|16|5|5|4|16|5|7|4|16|5|8|4|16|5|11|4|16|5|12|4|16|5|13|4|16|6|2|4|16|6|3|4|16|6|7|4|16|6|8|4|16|6|9|4|16|6|10|4|16|6|11|4|16|8|6|4|16|8|9|4|16|8|10|4|16|8|11|4|16|8|15|4|17|1|15|4|17|1|20|4|17|2|4|4|17|2|10|4|17|3|3|4|17|3|9|4|17|3|11|4|17|4|5|4|17|4|11|4|17|4|14|4|17|4|16|4|17|5|3|4|17|5|4|4|17|5|5|4|17|5|6|4|17|5|8|4|17|5|11|4|17|5|13|4|17|5|14|4|17|6|3|4|17|6|4|4|17|6|5|4|17|6|6|4|17|6|9|4|17|6|10|4|17|6|11|4|17|6|13|4|17|7|2|4|17|7|4|4|17|7|5|4|17|7|6|4|17|7|8|4|17|7|9|4|17|8|6|4|17|8|8|4|17|9|12|4|17|9|13|4|27|1|10|4|27|1|13|4|27|2|3|4|27|2|4|4|27|2|6|4|27|2|7|4|27|2|9|4|27|2|11|4|27|2|15|4|27|2|23|4|27|2|24|4|27|2|25|4|27|2|26|4|27|2|45|4|27|2|47|4|27|3|6|4|27|3|12|4|27|3|15|4|27|3|18|4|27|3|24|4|27|3|25|4|27|3|26|4|27|3|29|4|27|4|18|4|27|4|19|4|27|4|27|4|27|4|30|4|27|4|32|4|27|5|7|4|27|5|12|4|27|5|16|4|27|5|28|4|27|6|5|4|27|6|8|4|27|6|12|4|27|6|13|4|27|6|15|4|27|6|16|4|27|6|20|4|27|6|22|4|27|6|27|4|27|7|28|4|27|8|13|4|27|8|14|4|27|8|16|4|27|8|17|4|27|8|26|4|27|9|19|4|27|9|27|4|27|10|11|4|27|10|14|4|27|10|17|4|27|10|19|4|27|12|4|4|27|12|6|4|27|12|7|4|27|12|8|4|27|12|13|4|32|1|2|4|32|1|6|4|32|1|7|4|32|1|8|4|32|1|9|4|32|1|10|4|32|1|11|4|32|1|12|4|32|1|14|4|32|2|4|4|32|2|9|4|32|3|2|4|32|3|4|4|32|3|9|4|32|4|3|4|32|4|4|4|32|4|8|4|32|4|9|4|32|4|11|4|34|1|13|4|34|1|14|4|34|2|8|4|34|2|9|4|34|2|13|4|34|3|7|4|40|1|21|4|40|1|23|4|40|2|2|4|40|2|6|4|40|2|8|4|40|2|13|4|40|2|15|4|40|2|18|4|40|2|20|4|40|3|2|4|40|3|3|4|40|3|7|4|40|3|12|4|40|3|14|4|40|3|15|4|40|3|17|4|40|4|3|4|40|4|4|4|40|4|6|4|40|4|7|4|40|4|9|4|40|4|10|4|40|4|16|4|40|4|17|4|40|4|19|4|41|1|3|4|41|1|8|4|41|1|11|4|41|1|15|4|41|1|17|4|41|1|24|4|41|1|25|4|41|1|27|4|41|1|37|4|41|1|38|4|41|1|40|4|41|1|41|4|41|1|44|4|41|2|5|4|41|2|7|4|41|2|10|4|41|2|11|4|41|2|12|4|41|2|14|4|41|2|16|4|41|2|17|4|41|2|18|4|41|2|22|4|41|2|24|4|41|2|26|4|41|2|28|4|41|3|3|4|41|3|4|4|41|3|5|4|41|3|11|4|41|3|21|4|41|3|22|4|41|3|29|4|41|3|30|4|41|3|32|4|41|3|33|4|41|3|35|4|41|4|8|4|41|4|9|4|41|4|12|4|41|4|20|4|41|4|23|4|41|4|25|4|41|4|29|4|41|4|32|4|41|4|35|4|41|4|38|4|41|4|39|4|41|4|40|4|41|4|41|4|41|5|7|4|41|5|8|4|41|5|9|4|41|5|12|4|41|5|19|4|41|5|23|4|41|5|28|4|41|5|30|4|41|5|31|4|41|5|34|4|41|5|35|4|41|5|36|4|41|5|39|4|41|5|41|4|41|6|3|4|41|6|4|4|41|6|9|4|41|6|11|4|41|6|14|4|41|6|15|4|41|6|16|4|41|6|18|4|41|6|22|4|41|6|23|4|41|6|24|4|41|6|25|4|41|6|31|4|41|6|36|4|41|6|37|4|41|6|38|4|41|6|50|4|41|7|4|4|41|7|5|4|41|7|8|4|41|7|13|4|41|7|16|4|41|7|19|4|41|7|23|4|41|7|27|4|41|7|28|4|41|7|29|4|41|7|34|4|41|7|37|4|41|8|3|4|41|8|4|4|41|8|5|4|41|8|12|4|41|8|15|4|41|8|19|4|41|8|20|4|41|8|21|4|41|8|23|4|41|8|24|4|41|8|26|4|41|8|27|4|41|8|28|4|41|8|29|4|41|8|33|4|41|8|38|4|41|9|1|4|41|9|5|4|41|9|7|4|41|9|11|4|41|9|13|4|41|9|16|4|41|9|18|4|41|9|19|4|41|9|21|4|41|9|22|4|41|9|23|4|41|9|24|4|41|9|25|4|41|9|26|4|41|9|28|4|41|9|29|4|41|9|31|4|41|9|33|4|41|9|35|4|41|9|37|4|41|9|38|4|41|9|44|4|41|9|46|4|41|9|50|4|41|10|2|4|41|10|3|4|41|10|4|4|41|10|9|4|41|10|12|4|41|10|15|4|41|10|17|4|41|10|19|4|41|10|20|4|41|10|21|4|41|10|23|4|41|10|25|4|41|10|26|4|41|10|27|4|41|10|28|4|41|10|31|4|41|10|34|4|41|10|35|4|41|10|36|4|41|10|37|4|41|10|38|4|41|10|39|4|41|10|40|4|41|10|45|4|41|10|47|4|41|10|48|4|41|10|49|4|41|10|51|4|41|10|52|4|41|11|3|4|41|11|5|4|41|11|9|4|41|11|10|4|41|11|14|4|41|11|17|4|41|11|21|4|41|11|25|4|41|11|26|4|41|11|28|4|41|11|30|4|41|11|32|4|41|11|33|4|41|12|11|4|41|12|15|4|41|12|16|4|41|12|17|4|41|12|23|4|41|12|27|4|41|12|28|4|41|12|31|4|41|12|33|4|41|12|34|4|41|12|37|4|41|12|40|4|41|12|44|4|41|13|1|4|41|13|2|4|41|13|4|4|41|13|33|4|41|13|37|4|41|14|2|4|41|14|5|4|41|14|9|4|41|14|12|4|41|14|15|4|41|14|18|4|41|14|19|4|41|14|21|4|41|14|22|4|41|14|25|4|41|14|28|4|41|14|29|4|41|14|30|4|41|14|31|4|41|14|32|4|41|14|34|4|41|14|36|4|41|14|38|4|41|14|42|4|41|14|44|4|41|14|45|4|41|14|49|4|41|14|58|4|41|14|60|4|41|14|61|4|41|14|62|4|41|14|64|4|41|14|65|4|41|14|67|4|41|14|68|4|41|14|69|4|41|14|70|4|41|14|71|4|41|14|72|4|41|15|2|4|41|15|4|4|41|15|9|4|41|15|12|4|41|15|13|4|41|15|14|4|41|15|18|4|41|15|26|4|41|15|28|4|41|15|30|4|41|15|32|4|41|15|34|4|41|15|35|4|41|15|36|4|41|15|39|4|41|16|3|4|41|16|7|4|41|16|8|4|41|16|18|4|42|1|17|4|42|1|18|4|42|1|20|4|42|1|21|4|42|1|25|4|42|1|28|4|42|1|33|4|42|1|34|4|42|1|37|4|42|1|38|4|42|1|45|4|42|1|55|4|42|1|60|4|42|1|61|4|42|1|63|4|42|1|66|4|42|1|75|4|42|1|79|4|42|2|12|4|42|2|14|4|42|2|15|4|42|2|23|4|42|2|32|4|42|2|35|4|42|2|44|4|42|2|48|4|42|2|49|4|42|3|6|4|42|3|8|4|42|3|9|4|42|3|10|4|42|3|11|4|42|3|12|4|42|3|13|4|42|3|14|4|42|3|15|4|42|3|17|4|42|3|22|4|42|4|3|4|42|4|4|4|42|4|7|4|42|4|8|4|42|4|11|4|42|4|12|4|42|4|19|4|42|4|21|4|42|4|22|4|42|4|23|4|42|4|27|4|42|4|34|4|42|4|35|4|42|4|36|4|42|4|41|4|42|4|42|4|42|4|43|4|42|5|4|4|42|5|5|4|42|5|8|4|42|5|10|4|42|5|12|4|42|5|13|4|42|5|14|4|42|5|20|4|42|5|21|4|42|5|23|4|42|5|24|4|42|5|26|4|42|5|27|4|42|5|30|4|42|5|32|4|42|5|33|4|42|5|35|4|42|5|39|4|42|6|2|4|42|6|4|4|42|6|5|4|42|6|8|4|42|6|9|4|42|6|10|4|42|6|38|4|42|6|42|4|42|6|46|4|42|6|49|4|42|7|3|4|42|7|5|4|42|7|8|4|42|7|9|4|42|7|13|4|42|7|14|4|42|7|16|4|42|7|19|4|42|7|20|4|42|7|23|4|42|7|27|4|42|7|28|4|42|7|32|4|42|7|33|4|42|7|34|4|42|7|35|4|42|7|39|4|42|7|40|4|42|7|42|4|42|7|43|4|42|7|47|4|42|7|48|4|42|7|49|4|42|7|50|4|42|8|8|4|42|8|20|4|42|8|21|4|42|8|22|4|42|8|24|4|42|8|25|4|42|8|28|4|42|8|30|4|42|8|31|4|42|8|39|4|42|8|45|4|42|8|46|4|42|8|47|4|42|8|48|4|42|8|49|4|42|8|50|4|42|8|52|4|42|8|54|4|42|9|5|4|42|9|9|4|42|9|12|4|42|9|13|4|42|9|14|4|42|9|18|4|42|9|19|4|42|9|20|4|42|9|21|4|42|9|22|4|42|9|27|4|42|9|33|4|42|9|35|4|42|9|40|4|42|9|41|4|42|9|44|4|42|9|46|4|42|9|48|4|42|9|49|4|42|9|50|4|42|9|54|4|42|9|55|4|42|9|57|4|42|9|58|4|42|9|59|4|42|9|60|4|42|9|61|4|42|9|62|4|42|10|5|4|42|10|9|4|42|10|11|4|42|10|15|4|42|10|16|4|42|10|17|4|42|10|20|4|42|10|21|4|42|10|22|4|42|10|24|4|42|10|25|4|42|10|26|4|42|10|27|4|42|10|28|4|42|10|29|4|42|10|35|4|42|10|36|4|42|10|37|4|42|10|40|4|42|10|42|4|42|11|1|4|42|11|4|4|42|11|6|4|42|11|7|4|42|11|13|4|42|11|15|4|42|11|26|4|42|11|27|4|42|11|28|4|42|11|36|4|42|11|44|4|42|11|45|4|42|11|52|4|42|12|12|4|42|12|13|4|42|12|14|4|42|12|15|4|42|12|17|4|42|12|19|4|42|12|20|4|42|12|21|4|42|12|40|4|42|12|41|4|42|12|45|4|42|12|53|4|42|12|59|4|42|13|5|4|42|13|7|4|42|13|9|4|42|13|12|4|42|13|14|4|42|13|16|4|42|13|19|4|42|13|21|4|42|13|23|4|42|13|25|4|42|13|26|4|42|13|27|4|42|13|30|4|42|13|31|4|42|13|35|4|42|14|3|4|42|14|5|4|42|14|9|4|42|14|10|4|42|14|11|4|42|14|14|4|42|14|15|4|42|14|18|4|42|14|19|4|42|14|20|4|42|14|21|4|42|14|22|4|42|14|24|4|42|14|30|4|42|14|35|4|42|15|2|4|42|15|6|4|42|15|9|4|42|15|10|4|42|15|19|4|42|15|21|4|42|15|24|4|42|15|26|4|42|15|27|4|42|15|30|4|42|15|32|4|42|16|2|4|42|16|4|4|42|16|5|4|42|16|6|4|42|16|7|4|42|16|8|4|42|16|13|4|42|16|18|4|42|16|24|4|42|16|26|4|42|16|28|4|42|16|29|4|42|16|30|4|42|16|31|4|42|17|4|4|42|17|5|4|42|17|6|4|42|17|7|4|42|17|8|4|42|17|10|4|42|17|13|4|42|17|14|4|42|17|18|4|42|17|19|4|42|17|20|4|42|17|21|4|42|17|23|4|42|17|36|4|42|17|37|4|42|18|5|4|42|18|8|4|42|18|12|4|42|18|13|4|42|18|14|4|42|18|17|4|42|18|18|4|42|18|20|4|42|18|21|4|42|18|22|4|42|18|25|4|42|18|26|4|42|18|27|4|42|18|28|4|42|18|30|4|42|18|33|4|42|18|36|4|42|18|38|4|42|18|39|4|42|18|41|4|42|18|42|4|42|19|5|4|42|19|7|4|42|19|8|4|42|19|9|4|42|19|10|4|42|19|13|4|42|19|14|4|42|19|16|4|42|19|17|4|42|19|18|4|42|19|19|4|42|19|21|4|42|19|23|4|42|19|24|4|42|19|25|4|42|19|27|4|42|19|31|4|42|19|33|4|42|19|34|4|42|19|38|4|42|19|39|4|42|19|40|4|42|19|44|4|42|19|46|4|42|20|2|4|42|20|4|4|42|20|5|4|42|20|6|4|42|20|7|4|42|20|8|4|42|20|13|4|42|20|15|4|42|20|16|4|42|20|17|4|42|20|18|4|42|20|22|4|42|20|24|4|42|20|25|4|42|20|33|4|42|20|38|4|42|20|39|4|42|20|43|4|42|20|44|4|42|20|47|4|42|21|4|4|42|21|6|4|42|21|7|4|42|21|8|4|42|21|28|4|42|21|36|4|42|22|8|4|42|22|9|4|42|22|11|4|42|22|12|4|42|22|16|4|42|22|18|4|42|22|19|4|42|22|22|4|42|22|30|4|42|22|32|4|42|22|33|4|42|22|34|4|42|22|35|4|42|22|37|4|42|22|38|4|42|22|40|4|42|22|42|4|42|22|46|4|42|22|48|4|42|22|49|4|42|22|51|4|42|22|53|4|42|22|56|4|42|22|57|4|42|22|58|4|42|22|59|4|42|22|60|4|42|22|61|4|42|22|64|4|42|22|67|4|42|22|69|4|42|22|70|4|42|22|71|4|42|23|3|4|42|23|4|4|42|23|6|4|42|23|16|4|42|23|21|4|42|23|22|4|42|23|29|4|42|23|30|4|42|23|31|4|42|23|34|4|42|23|35|4|42|23|36|4|42|23|37|4|42|23|38|4|42|23|39|4|42|23|41|4|42|23|42|4|42|23|43|4|42|23|46|4|42|23|47|4|42|24|7|4|42|24|17|4|42|24|18|4|42|24|19|4|42|24|24|4|42|24|26|4|42|24|29|4|42|24|32|4|42|24|34|4|42|24|36|4|42|24|39|4|42|24|41|4|42|24|44|4|42|24|49|4|44|1|5|4|44|1|6|4|44|1|8|4|44|1|11|4|44|1|17|4|44|1|20|4|44|1|22|4|44|1|25|4|49|1|2|4|49|1|14|4|49|1|23|4|49|2|10|4|49|2|22|4|49|3|13|4|49|3|21|4|49|4|16|4|49|5|14|4|49|5|20|4|49|5|33|4|49|6|4|4|49|6|9|4|49|6|20|4|49|6|24|4|51|2|21|4|56|1|12|7|1|1|2|7|1|1|3|7|1|1|4|7|1|1|6|7|1|1|7|7|1|1|8|7|1|1|9|7|1|1|10|7|1|1|13|7|1|1|14|7|1|1|15|7|1|1|17|7|1|1|18|7|1|1|19|7|1|1|20|7|2|1|2|7|2|1|3|7|2|1|4|7|2|1|5|7|2|1|6|7|2|1|8|7|2|1|9|7|2|1|10|7|2|1|11|7|2|1|12|7|2|1|14|7|2|1|16|7|2|2|4|7|2|2|9|7|2|2|11|7|2|2|13|7|2|2|18|7|2|3|4|7|2|3|6|7|2|3|7|7|2|3|8|7|2|3|9|7|2|3|10|7|2|3|11|7|2|3|12|7|2|3|13|7|2|3|14|7|2|3|15|7|2|4|3|7|2|4|4|7|2|4|5|7|2|4|8|7|2|4|13|7|2|5|2|7|2|5|4|7|2|5|8|7|2|5|9|7|2|5|10|7|3|1|4|7|3|1|5|7|3|1|6|7|3|2|2|7|3|2|3|7|3|2|8|7|3|2|9|7|3|3|6|7|3|3|13|7|3|4|2|7|3|4|5|,4,,0,5,,1
7743,-QuoteEnd1,,91,,,0,Marks the end of an embedded quote,,,,,,4|1|3|1|4|1|3|3|4|1|12|19|4|1|18|13|4|1|26|9|4|1|43|7|4|6|1|11|4|6|1|13|4|6|3|8|4|6|4|21|4|6|4|22|4|6|8|6|4|6|9|11|4|6|9|22|4|6|14|9|4|6|22|20|4|6|22|25|4|6|22|26|4|6|22|27|4|6|22|28|4|6|24|13|4|8|2|7|4|8|2|21|4|8|3|17|4|27|4|17|4|27|4|23|4|27|4|26|4|27|4|35|4|27|7|5|4|27|7|18|4|27|7|27|4|40|2|6|4|40|3|3|4|40|3|9|4|40|4|4|4|40|4|6|4|40|4|7|4|40|4|10|4|40|5|21|4|40|5|22|4|40|5|27|4|40|5|31|4|40|5|33|4|40|5|37|4|40|5|38|4|40|5|43|4|41|1|3|4|41|2|9|4|41|2|11|4|41|4|12|4|41|5|31|4|41|5|41|4|41|7|7|4|41|7|10|4|41|7|11|4|41|9|48|4|41|10|19|4|41|11|3|4|41|11|17|4|41|11|23|4|41|11|31|4|41|11|32|4|41|12|6|4|41|12|7|4|41|12|11|4|41|12|26|4|41|12|30|4|41|12|31|4|41|12|36|4|41|13|6|4|41|13|21|4|41|13|37|4|41|14|14|4|41|14|27|4|41|14|58|4|41|15|28|4|41|16|7|,4,,0,,,0
7744,-QuoteEnd2,,6,,,0,Marks the end of a doubly embedded quote,,,,,,4|6|9|11|4|6|22|28|4|41|12|36|4|41|14|14|,4,,0,,,0
7745,-QuoteEnd3,,0,,,0,Marks the end of a triply embedded quote,,,,,,,4,,0,,,0
7746,-ReferenceMarker,,62,,,0,marks a chapter and verse in a reference (Psalms 23 Reference Marker 1),,,,,,4|40|2|6|4|40|2|15|4|40|2|18|4|40|3|3|4|40|4|4|4|40|4|6|4|40|4|7|4|40|4|10|4|40|4|16|4|40|5|21|4|40|5|27|4|40|5|31|4|40|5|33|4|40|5|38|4|40|5|43|4|41|4|12|4|41|7|7|4|41|7|10|4|41|8|18|4|41|9|13|4|41|9|44|4|41|9|46|4|41|9|48|4|41|10|4|4|41|10|6|4|41|10|8|4|41|10|19|4|41|11|9|4|41|11|17|4|41|12|11|4|41|12|19|4|41|12|26|4|41|12|30|4|41|12|31|4|41|12|36|4|41|13|14|4|41|13|25|4|41|13|26|4|41|14|27|4|41|14|62|4|41|15|34|4|41|16|8|4|44|1|20|,4,,0,5,,0
7747,-SingleQuoteBegin,,324,,,0,beginning single quotation mark,,,,,,4|1|1|5|4|1|1|8|4|1|1|10|4|1|2|20|4|1|2|23|4|1|3|20|4|1|4|1|4|1|4|16|4|1|4|25|4|1|5|2|4|1|5|29|4|1|10|25|4|1|11|9|4|1|13|1|4|1|14|2|4|1|14|3|4|1|14|7|4|1|14|17|4|1|16|11|4|1|16|13|4|1|16|14|4|1|17|5|4|1|17|15|4|1|17|19|4|1|19|22|4|1|19|37|4|1|19|38|4|1|21|3|4|1|21|31|4|1|23|2|4|1|23|19|4|1|25|25|4|1|25|26|4|1|25|30|4|1|26|20|4|1|26|21|4|1|26|22|4|1|26|33|4|1|27|36|4|1|28|19|4|1|29|32|4|1|29|33|4|1|29|34|4|1|29|35|4|1|30|6|4|1|30|8|4|1|30|11|4|1|30|13|4|1|30|18|4|1|30|20|4|1|30|24|4|1|31|47|4|1|31|48|4|1|31|49|4|1|32|2|4|1|32|28|4|1|32|30|4|1|33|17|4|1|33|20|4|1|35|6|4|1|35|7|4|1|35|8|4|1|35|10|4|1|35|15|4|1|35|18|4|1|35|19|4|1|35|27|4|1|36|1|4|1|36|8|4|1|36|19|4|1|38|29|4|1|38|30|4|1|41|51|4|1|41|52|4|1|47|27|4|1|48|7|4|1|50|11|4|2|2|10|4|2|2|18|4|2|2|22|4|2|3|14|4|2|3|15|4|2|6|3|4|2|15|23|4|2|16|31|4|2|17|7|4|2|17|15|4|2|18|3|4|2|18|4|4|6|5|9|4|6|7|26|4|6|12|3|4|6|14|15|4|6|15|8|4|6|15|9|4|6|15|10|4|6|15|13|4|6|15|15|4|6|15|25|4|6|15|36|4|6|15|49|4|6|15|54|4|6|15|60|4|6|16|2|4|6|17|11|4|6|18|13|4|6|18|14|4|6|18|28|4|6|19|2|4|6|19|8|4|6|19|47|4|6|20|7|4|6|21|11|4|7|1|10|4|7|1|11|4|7|1|16|4|7|1|17|4|7|1|23|4|7|1|26|4|7|2|5|4|7|2|16|4|7|4|5|4|7|6|32|4|7|7|1|4|7|8|35|4|7|10|4|4|7|15|17|4|7|15|19|4|7|18|12|4|7|18|29|4|7|20|45|4|8|1|20|4|8|1|21|4|8|4|11|4|9|1|20|4|9|4|21|4|9|7|12|4|9|9|9|4|9|12|11|4|9|14|4|4|9|17|52|4|9|25|25|4|10|1|18|4|10|2|16|4|10|5|7|4|10|5|9|4|10|5|20|4|10|6|8|4|10|12|28|4|10|18|18|4|16|7|63|4|16|8|6|4|17|2|7|4|17|3|7|4|17|9|26|4|17|9|28|4|27|4|19|4|27|5|12|4|27|5|26|4|27|5|27|4|27|5|28|4|27|10|1|4|40|1|1|4|40|1|16|4|40|1|23|4|40|2|1|4|40|2|23|4|40|4|15|4|40|5|22|4|41|3|14|4|41|3|16|4|41|3|17|4|41|3|18|4|41|7|11|4|41|7|34|4|41|9|5|4|41|10|46|4|41|12|37|4|41|14|36|4|41|15|12|4|41|15|16|4|41|15|22|4|42|6|13|4|42|6|15|4|42|8|2|4|42|20|37|4|42|20|44|4|42|22|1|4|42|22|25|4|42|22|66|4|42|23|33|4|44|1|13|4|44|1|19|4|44|1|23|4|49|2|11|4|51|4|11|4|57|1|11|7|2|2|16|,4,,0,,,0
7748,-SingleQuoteEnd,,324,,,0,closing single quotation mark,,,,,,4|1|1|5|4|1|1|8|4|1|1|10|4|1|2|20|4|1|2|23|4|1|3|20|4|1|4|1|4|1|4|16|4|1|4|25|4|1|5|2|4|1|5|29|4|1|10|25|4|1|11|9|4|1|13|1|4|1|14|2|4|1|14|3|4|1|14|7|4|1|14|17|4|1|16|11|4|1|16|13|4|1|16|14|4|1|17|5|4|1|17|15|4|1|17|19|4|1|19|22|4|1|19|37|4|1|19|38|4|1|21|3|4|1|21|31|4|1|23|2|4|1|23|19|4|1|25|25|4|1|25|26|4|1|25|30|4|1|26|20|4|1|26|21|4|1|26|22|4|1|26|33|4|1|27|36|4|1|28|19|4|1|29|32|4|1|29|33|4|1|29|34|4|1|29|35|4|1|30|6|4|1|30|8|4|1|30|11|4|1|30|13|4|1|30|18|4|1|30|20|4|1|30|24|4|1|31|47|4|1|31|48|4|1|31|49|4|1|32|2|4|1|32|28|4|1|32|30|4|1|33|17|4|1|33|20|4|1|35|6|4|1|35|7|4|1|35|8|4|1|35|10|4|1|35|15|4|1|35|18|4|1|35|19|4|1|35|27|4|1|36|1|4|1|36|8|4|1|36|19|4|1|38|29|4|1|38|30|4|1|41|51|4|1|41|52|4|1|47|27|4|1|48|7|4|1|50|11|4|2|2|10|4|2|2|18|4|2|2|22|4|2|3|14|4|2|3|15|4|2|6|3|4|2|15|23|4|2|16|31|4|2|17|7|4|2|17|15|4|2|18|3|4|2|18|4|4|6|5|9|4|6|7|26|4|6|12|3|4|6|14|15|4|6|15|8|4|6|15|9|4|6|15|10|4|6|15|13|4|6|15|15|4|6|15|25|4|6|15|36|4|6|15|49|4|6|15|54|4|6|15|60|4|6|16|2|4|6|17|11|4|6|18|13|4|6|18|14|4|6|18|28|4|6|19|2|4|6|19|8|4|6|19|47|4|6|20|7|4|6|21|11|4|7|1|10|4|7|1|11|4|7|1|16|4|7|1|17|4|7|1|23|4|7|1|26|4|7|2|5|4|7|2|16|4|7|4|5|4|7|6|32|4|7|7|1|4|7|8|35|4|7|10|4|4|7|15|17|4|7|15|19|4|7|18|12|4|7|18|29|4|7|20|45|4|8|1|20|4|8|1|21|4|8|4|11|4|9|1|20|4|9|4|21|4|9|7|12|4|9|9|9|4|9|12|11|4|9|14|4|4|9|17|52|4|9|25|25|4|10|1|18|4|10|2|16|4|10|5|7|4|10|5|9|4|10|5|20|4|10|6|8|4|10|12|28|4|10|18|18|4|16|7|63|4|16|8|6|4|17|2|7|4|17|3|7|4|17|9|26|4|17|9|28|4|27|4|19|4|27|5|12|4|27|5|26|4|27|5|27|4|27|5|28|4|27|10|1|4|40|1|1|4|40|1|16|4|40|1|23|4|40|2|1|4|40|2|23|4|40|4|15|4|40|5|22|4|41|3|14|4|41|3|16|4|41|3|17|4|41|3|18|4|41|7|11|4|41|7|34|4|41|9|5|4|41|10|46|4|41|12|37|4|41|14|36|4|41|15|12|4|41|15|16|4|41|15|22|4|42|6|13|4|42|6|15|4|42|8|2|4|42|20|37|4|42|20|44|4|42|22|1|4|42|22|25|4|42|22|66|4|42|23|33|4|44|1|13|4|44|1|19|4|44|1|23|4|49|2|11|4|51|4|11|4|57|1|11|7|2|2|16|,4,,0,,,0
7750,10),,1,,,0,Tenth in a list of items,,,,,,7|3|5|9|,4,,0,6,,1
7751,11),,1,,,0,Eleventh item in a list of items,,,,,,7|3|5|10|,4,,0,6,,1
7753,2),,2,,,0,Second in a list of items,,,,,,7|3|1|8|7|3|5|4|,4,,0,6,,1
7755,4),,2,,,0,Fourth in a list of items,,,,,,7|3|1|9|7|3|5|5|,4,,0,6,,1
7757,6),,2,,,0,Sixth in a list of items,,,,,,7|3|1|10|7|3|5|7|,4,,0,6,,1
7758,7),,2,,,0,Seventh in a list of items,,,,,,7|3|1|10|7|3|5|8|,4,,0,6,,1
7760,9),,2,,,0,Ninth in a list of items,,,,,,7|3|1|12|7|3|5|9|,4,,0,6,,1
7762,exclamation,,580,,,0,marker for an exclamation,,,,,,4|1|2|23|4|1|3|4|4|1|3|5|4|1|3|12|4|1|3|13|4|1|4|10|4|1|4|13|4|1|4|15|4|1|8|11|4|1|9|25|4|1|9|26|4|1|12|19|4|1|13|17|4|1|16|5|4|1|16|10|4|1|19|7|4|1|19|9|4|1|19|14|4|1|19|15|4|1|19|17|4|1|19|18|4|1|21|17|4|1|22|1|4|1|22|11|4|1|24|6|4|1|24|27|4|1|25|30|4|1|26|9|4|1|27|33|4|1|27|34|4|1|27|35|4|1|27|36|4|1|27|38|4|1|27|45|4|1|28|17|4|1|29|14|4|1|29|25|4|1|30|1|4|1|30|2|4|1|30|13|4|1|30|15|4|1|31|11|4|1|31|26|4|1|31|32|4|1|31|36|4|1|32|2|4|1|33|10|4|1|34|10|4|1|35|2|4|1|37|8|4|1|37|10|4|1|37|19|4|1|37|30|4|1|37|33|4|1|38|24|4|1|38|29|4|1|39|7|4|1|39|12|4|1|39|14|4|1|41|43|4|1|42|9|4|1|42|12|4|1|42|14|4|1|42|16|4|1|42|22|4|1|42|28|4|1|42|35|4|1|42|36|4|1|43|7|4|1|44|7|4|1|44|17|4|1|44|32|4|1|44|34|4|1|45|1|4|1|45|3|4|1|45|4|4|1|45|24|4|1|45|26|4|1|45|28|4|1|46|2|4|1|49|7|4|2|5|4|4|2|5|17|4|2|5|18|4|2|10|7|4|2|10|11|4|2|10|28|4|2|11|8|4|2|12|31|4|2|14|12|4|2|14|25|4|2|15|18|4|2|17|4|4|6|1|6|4|6|1|18|4|6|6|7|4|6|6|10|4|6|6|16|4|6|7|7|4|6|7|9|4|6|7|10|4|6|7|15|4|6|7|20|4|6|10|6|4|6|10|14|4|6|10|19|4|6|10|24|4|6|11|4|4|6|14|10|4|6|22|17|4|6|22|22|4|6|22|24|4|6|22|25|4|6|24|16|4|6|24|21|4|6|24|22|4|6|24|27|4|7|4|14|4|7|5|2|4|7|5|9|4|7|5|10|4|7|5|12|4|7|5|21|4|7|5|26|4|7|5|30|4|7|5|31|4|7|6|22|4|7|6|23|4|7|7|15|4|7|7|18|4|7|7|20|4|7|9|9|4|7|9|36|4|7|12|1|4|7|13|10|4|7|13|22|4|7|14|16|4|7|15|3|4|7|15|7|4|7|16|2|4|7|16|9|4|7|16|12|4|7|16|13|4|7|16|14|4|7|16|20|4|7|16|30|4|7|17|2|4|7|18|9|4|7|18|19|4|8|1|13|4|8|2|4|4|8|2|19|4|8|2|20|4|8|3|8|4|8|4|10|4|8|4|14|4|8|4|17|4|9|1|8|4|9|1|11|4|9|1|14|4|9|2|30|4|9|3|6|4|9|3|8|4|9|3|10|4|9|3|16|4|9|4|7|4|9|4|8|4|9|4|9|4|9|4|20|4|9|5|4|4|9|5|11|4|9|6|20|4|9|7|8|4|9|8|19|4|9|9|20|4|9|10|24|4|9|11|2|4|9|12|16|4|9|13|3|4|9|13|4|4|9|13|19|4|9|14|11|4|9|14|19|4|9|14|28|4|9|14|30|4|9|14|44|4|9|14|45|4|9|15|13|4|9|15|14|4|9|15|16|4|9|17|25|4|9|17|26|4|9|17|32|4|9|17|36|4|9|17|37|4|9|17|44|4|9|17|45|4|9|18|17|4|9|19|5|4|9|20|2|4|9|20|8|4|9|20|9|4|9|20|30|4|9|20|31|4|9|20|37|4|9|20|38|4|9|20|41|4|9|21|11|4|9|21|14|4|9|21|15|4|9|23|3|4|9|23|7|4|9|23|27|4|9|24|8|4|9|24|11|4|9|25|6|4|9|25|10|4|9|25|13|4|9|25|22|4|9|26|9|4|9|26|14|4|9|26|19|4|9|28|12|4|9|28|13|4|10|1|4|4|10|1|9|4|10|1|15|4|10|1|19|4|10|2|22|4|10|3|8|4|10|3|18|4|10|3|24|4|10|3|35|4|10|6|15|4|10|6|20|4|10|7|19|4|10|7|22|4|10|7|26|4|10|7|28|4|10|9|6|4|10|11|11|4|10|12|5|4|10|12|6|4|10|12|7|4|10|12|21|4|10|13|12|4|10|13|15|4|10|13|16|4|10|14|4|4|10|14|32|4|10|15|4|4|10|15|14|4|10|16|7|4|10|16|8|4|10|16|9|4|10|16|16|4|10|18|23|4|10|18|26|4|10|18|28|4|10|18|31|4|10|18|33|4|10|19|4|4|10|19|5|4|10|20|1|4|10|20|11|4|10|20|16|4|10|20|20|4|10|22|4|4|10|22|47|4|10|23|15|4|10|23|17|4|10|24|16|4|16|2|3|4|16|4|3|4|16|4|20|4|16|5|7|4|16|5|8|4|16|5|10|4|16|6|7|4|16|6|11|4|16|8|6|4|17|7|6|4|17|7|9|4|27|2|4|4|27|2|10|4|27|3|9|4|27|3|25|4|27|3|26|4|27|3|28|4|27|4|1|4|27|4|22|4|27|5|10|4|27|6|6|4|27|6|16|4|27|6|21|4|27|6|25|4|27|9|19|4|27|10|19|4|32|1|6|4|32|3|4|4|32|4|9|4|34|1|15|4|34|2|1|4|34|2|8|4|34|3|1|4|34|3|14|4|34|3|15|4|40|2|1|4|40|2|9|4|40|2|13|4|40|3|14|4|40|4|10|4|40|5|22|4|41|1|3|4|41|1|15|4|41|1|24|4|41|1|25|4|41|1|27|4|41|1|37|4|41|1|41|4|41|2|7|4|41|2|9|4|41|2|12|4|41|2|14|4|41|2|16|4|41|3|11|4|41|3|22|4|41|3|34|4|41|4|3|4|41|4|39|4|41|4|41|4|41|5|7|4|41|5|8|4|41|5|41|4|41|6|16|4|41|6|50|4|41|7|9|4|41|7|34|4|41|8|33|4|41|9|7|4|41|9|23|4|41|9|24|4|41|9|25|4|41|9|26|4|41|9|27|4|41|10|23|4|41|10|24|4|41|10|28|4|41|10|47|4|41|10|48|4|41|10|49|4|41|10|51|4|41|11|9|4|41|11|10|4|41|11|21|4|41|11|30|4|41|12|27|4|41|13|1|4|41|13|17|4|41|13|21|4|41|13|33|4|41|13|37|4|41|14|4|4|41|14|21|4|41|14|29|4|41|14|36|4|41|14|37|4|41|14|42|4|41|14|45|4|41|14|65|4|41|15|13|4|41|15|14|4|41|15|18|4|41|15|30|4|41|15|31|4|41|15|39|4|41|16|6|4|42|1|13|4|42|1|60|4|42|4|41|4|42|9|55|4|42|11|7|4|42|11|13|4|42|11|19|4|42|11|27|4|42|11|28|4|42|11|29|4|42|11|32|4|42|11|42|4|42|11|43|4|42|11|44|4|42|11|46|4|42|11|47|4|42|11|52|4|42|12|5|4|42|12|15|4|42|12|20|4|42|12|28|4|42|12|49|4|42|12|50|4|42|13|14|4|42|13|27|4|42|13|28|4|42|13|34|4|42|14|15|4|42|14|24|4|42|15|29|4|42|16|24|4|42|17|1|4|42|17|13|4|42|17|23|4|42|17|32|4|42|18|13|4|42|18|38|4|42|18|39|4|42|18|42|4|42|19|25|4|42|19|39|4|42|19|42|4|42|20|39|4|42|21|8|4|42|22|51|4|42|22|56|4|42|22|57|4|42|22|58|4|42|23|21|4|42|23|30|4|42|23|31|4|42|23|37|4|42|23|39|4|42|23|46|4|42|23|47|4|42|24|39|4|50|1|22|4|50|2|8|4|50|3|1|4|50|4|4|7|1|1|4|7|1|1|6|7|1|1|14|7|1|1|19|7|2|1|2|7|2|1|3|7|2|1|6|7|2|1|8|7|2|5|2|7|3|2|2|,4,,0,5,,1
7764,ok,,11,,,0,signals that the speaker has changed his mind and now agrees with the other person,,,,,,6|9|1|7|4|1|18|5|4|1|19|21|4|1|44|10|4|9|9|10|4|10|2|14|4|10|14|21|4|10|15|22|4|10|18|4|4|10|18|23|7|2|3|7|,4,,0,4,,1
7765,please,,107,,,0,"particle of polite request, mitigates an imperative",,,,,,4|1|18|3|4|1|18|30|4|1|18|32|4|1|19|2|4|1|19|18|4|1|23|8|4|1|24|12|4|1|24|14|4|1|24|17|4|1|24|43|4|1|24|45|4|1|24|49|4|1|27|19|4|1|27|31|4|1|27|38|4|1|30|14|4|1|30|27|4|1|32|29|4|1|33|11|4|1|34|4|4|1|34|8|4|1|40|14|4|1|44|18|4|1|44|33|4|1|47|4|4|1|50|17|4|2|4|10|4|2|4|13|4|6|2|12|4|6|15|19|4|7|1|15|4|7|4|19|4|7|6|18|4|7|8|5|4|7|10|15|4|7|11|8|4|7|11|37|4|7|13|8|4|7|16|28|4|7|18|5|4|7|19|6|4|7|21|22|4|8|2|7|4|8|3|9|4|9|15|30|4|9|20|8|4|9|22|3|4|9|23|11|4|9|25|8|4|9|25|24|4|9|25|27|4|9|25|28|4|9|25|31|4|9|28|22|4|10|1|9|4|10|7|25|4|10|7|29|4|10|13|10|4|10|13|13|4|10|13|24|4|10|13|26|4|10|14|9|4|10|14|11|4|10|14|12|4|10|14|18|4|10|15|31|4|10|18|22|4|10|24|17|4|16|2|5|4|16|2|7|4|16|2|8|4|17|8|5|4|17|9|13|4|27|1|12|4|27|2|7|4|27|4|27|4|32|1|14|4|32|4|3|4|41|5|23|4|41|12|14|4|41|14|14|4|41|14|36|4|42|7|3|4|42|7|40|4|42|8|31|4|42|9|38|4|42|10|35|4|42|14|19|4|42|16|27|4|42|18|13|4|42|18|38|4|57|1|22|7|1|1|2|7|1|1|4|7|2|1|10|7|3|3|12|,1,,0,3,,1
7749,1),,2,,,0,First in a list of items,,,,,,7|3|1|8|7|3|5|3|,4,,0,6,,1
7752,12),,0,,,0,Twelfth item in a list of items,,,,,,,4,,0,6,,1
7754,3),,2,,,0,Third in a list of items,,,,,,7|3|1|8|7|3|5|5|,4,,0,6,,1
7756,5),,2,,,0,Fifth in a list of items,,,,,,7|3|1|9|7|3|5|6|,4,,0,6,,1
7759,8),,2,,,0,Eighth in a list of items,,,,,,7|3|1|11|7|3|5|9|,4,,0,6,,1
7761,Amen,,6,,,0,a word that ends a prayer,,,,,,4|16|8|6|4|41|16|8|4|50|4|20|4|50|4|23|,4,,0,,,0
7763,no,,35,,,0,negative response,,,,,,4|1|4|15|4|1|19|2|4|1|19|7|4|1|19|18|4|1|23|11|4|1|24|6|4|1|33|10|4|1|42|10|4|1|42|12|4|1|44|34|4|1|48|18|4|2|10|11|4|6|22|24|4|6|24|21|4|7|4|20|4|7|12|6|4|7|19|12|4|7|19|23|4|9|2|16|4|9|2|30|4|9|8|19|4|9|20|2|4|9|20|9|4|9|30|23|4|10|13|12|4|10|13|16|4|10|13|25|4|10|24|24|4|16|6|1|4|40|5|37|4|42|1|60|4|42|9|55|4|42|12|51|7|2|3|5|7|2|3|10|,1,,0,2,,1
7766,yes,,25,,,0,affirmative response,,,,,,4|1|17|19|4|1|18|15|4|1|24|58|4|1|27|24|4|1|29|5|4|1|29|6|4|2|2|8|4|6|2|4|4|6|24|22|4|7|20|23|4|9|9|12|4|9|10|22|4|9|14|36|4|9|26|17|4|9|30|15|4|10|2|20|4|10|12|19|4|10|14|19|4|10|20|17|4|27|3|24|4|27|6|12|4|40|5|37|4|41|7|28|4|42|7|43|7|2|1|11|,1,,0,2,,1
